Time_min,Gaussian_component,erfc_component,Blended_model,Blend_weight
0.010000,0.180030,50.180030,0.649927,0.990602
0.065023,0.180031,50.139072,0.656899,0.990455
0.120045,0.180034,49.550089,0.658664,0.990305
0.175068,0.180039,48.335384,0.654205,0.990153
0.230090,0.180043,46.854958,0.646829,0.989999
0.285113,0.180045,45.324903,0.638600,0.989843
0.340135,0.180047,43.838995,0.630451,0.989684
0.395158,0.180048,42.432623,0.622767,0.989522
0.450180,0.180049,41.115551,0.615681,0.989358
0.505203,0.180049,39.886635,0.609216,0.989192
0.560225,0.180049,38.740370,0.603348,0.989022
0.615248,0.180049,37.669803,0.598034,0.988851
0.670270,0.180049,36.667843,0.593225,0.988676
0.725293,0.180049,35.727796,0.588875,0.988499
0.780315,0.180049,34.843582,0.584939,0.988319
0.835338,0.180049,34.009769,0.581376,0.988137
0.890360,0.180048,33.221551,0.578152,0.987951
0.945383,0.180048,32.474687,0.575233,0.987763
1.000405,0.180048,31.765445,0.572592,0.987572
1.055428,0.180047,31.090531,0.570205,0.987378
1.110450,0.180047,30.447038,0.568048,0.987181
1.165473,0.180047,29.832389,0.566104,0.986981
1.220495,0.180047,29.244297,0.564354,0.986777
1.275518,0.180046,28.680725,0.562784,0.986571
1.330540,0.180046,28.139854,0.561379,0.986361
1.385563,0.180046,27.620051,0.560128,0.986149
1.440585,0.180046,27.119852,0.559019,0.985933
1.495608,0.180045,26.637934,0.558044,0.985713
1.550630,0.180045,26.173103,0.557192,0.985490
1.605653,0.180045,25.724274,0.556457,0.985264
1.660675,0.180045,25.290465,0.555830,0.985035
1.715698,0.180044,24.870776,0.555306,0.984802
1.770720,0.180044,24.464388,0.554878,0.984565
1.825743,0.180044,24.070549,0.554541,0.984324
1.880765,0.180044,23.688571,0.554290,0.984080
1.935788,0.180043,23.317819,0.554120,0.983833
1.990810,0.180043,22.957708,0.554028,0.983581
2.045833,0.180043,22.607698,0.554009,0.983326
2.100855,0.180043,22.267290,0.554061,0.983066
2.155878,0.180043,21.936019,0.554179,0.982803
2.210900,0.180042,21.613456,0.554361,0.982536
2.265923,0.180042,21.299200,0.554604,0.982264
2.320945,0.180042,20.992877,0.554905,0.981989
2.375968,0.180042,20.694139,0.555263,0.981709
2.430990,0.180042,20.402660,0.555674,0.981425
2.486013,0.180042,20.118135,0.556137,0.981137
2.541036,0.180041,19.840279,0.556650,0.980844
2.596058,0.180041,19.568822,0.557211,0.980547
2.651081,0.180041,19.303512,0.557819,0.980245
2.706103,0.180041,19.044113,0.558471,0.979939
2.761126,0.180041,18.790399,0.559167,0.979628
2.816148,0.180041,18.542161,0.559906,0.979313
2.871171,0.180040,18.299197,0.560684,0.978992
2.926193,0.180040,18.061321,0.561503,0.978667
2.981216,0.180040,17.828352,0.562360,0.978337
3.036238,0.180040,17.600123,0.563254,0.978002
3.091261,0.180040,17.376473,0.564185,0.977661
3.146283,0.180040,17.157249,0.565151,0.977316
3.201306,0.180040,16.942307,0.566152,0.976965
3.256328,0.180039,16.731509,0.567187,0.976609
3.311351,0.180039,16.524724,0.568254,0.976248
3.366373,0.180039,16.321828,0.569354,0.975882
3.421396,0.180039,16.122702,0.570485,0.975509
3.476418,0.180039,15.927231,0.571647,0.975132
3.531441,0.180039,15.735308,0.572840,0.974748
3.586463,0.180039,15.546829,0.574061,0.974359
3.641486,0.180039,15.361695,0.575312,0.973964
3.696508,0.180039,15.179812,0.576591,0.973563
3.751531,0.180038,15.001087,0.577899,0.973156
3.806553,0.180038,14.825436,0.579233,0.972743
3.861576,0.180038,14.652773,0.580595,0.972323
3.916598,0.180038,14.483019,0.581983,0.971898
3.971621,0.180038,14.316098,0.583397,0.971466
4.026643,0.180038,14.151935,0.584837,0.971028
4.081666,0.180038,13.990459,0.586302,0.970583
4.136688,0.180038,13.831603,0.587793,0.970131
4.191711,0.180038,13.675301,0.589307,0.969673
4.246733,0.180038,13.521489,0.590846,0.969208
4.301756,0.180037,13.370107,0.592409,0.968736
4.356778,0.180037,13.221096,0.593996,0.968257
4.411801,0.180037,13.074399,0.595605,0.967771
4.466823,0.180037,12.929963,0.597238,0.967278
4.521846,0.180037,12.787733,0.598894,0.966778
4.576868,0.180037,12.647660,0.600572,0.966270
4.631891,0.180037,12.509695,0.602272,0.965755
4.686913,0.180037,12.373789,0.603994,0.965232
4.741936,0.180037,12.239898,0.605738,0.964701
4.796958,0.180037,12.107976,0.607503,0.964163
4.851981,0.180037,11.977981,0.609290,0.963616
4.907004,0.180037,11.849872,0.611098,0.963062
4.962026,0.180036,11.723607,0.612926,0.962499
5.017049,0.180036,11.599148,0.614776,0.961929
5.072071,0.180036,11.476458,0.616645,0.961350
5.127094,0.180036,11.355500,0.618535,0.960762
5.182116,0.180036,11.236237,0.620445,0.960166
5.237139,0.180036,11.118636,0.622375,0.959562
5.292161,0.180036,11.002664,0.624324,0.958948
5.347184,0.180036,10.888288,0.626293,0.958326
5.402206,0.180036,10.775475,0.628282,0.957694
5.457229,0.180036,10.664197,0.630289,0.957054
5.512251,0.180036,10.554423,0.632316,0.956404
5.567274,0.180036,10.446124,0.634362,0.955745
5.622296,0.180036,10.339272,0.636426,0.955076
5.677319,0.180036,10.233839,0.638509,0.954398
5.732341,0.180035,10.129800,0.640610,0.953710
5.787364,0.180035,10.027128,0.642729,0.953012
5.842386,0.180035,9.925799,0.644867,0.952304
5.897409,0.180035,9.825787,0.647023,0.951586
5.952431,0.180035,9.727068,0.649196,0.950858
6.007454,0.180035,9.629620,0.651387,0.950119
6.062476,0.180035,9.533421,0.653596,0.949370
6.117499,0.180035,9.438446,0.655821,0.948610
6.172521,0.180035,9.344677,0.658065,0.947840
6.227544,0.180035,9.252090,0.660325,0.947058
6.282566,0.180035,9.160666,0.662602,0.946266
6.337589,0.180035,9.070386,0.664896,0.945462
6.392611,0.180035,8.981228,0.667207,0.944647
6.447634,0.180035,8.893175,0.669534,0.943821
6.502656,0.180035,8.806208,0.671878,0.942982
6.557679,0.180035,8.720309,0.674238,0.942133
6.612701,0.180035,8.635460,0.676613,0.941271
6.667724,0.180035,8.551643,0.679005,0.940397
6.722746,0.180035,8.468843,0.681413,0.939511
6.777769,0.180034,8.387042,0.683836,0.938613
6.832791,0.180034,8.306224,0.686275,0.937703
6.887814,0.180034,8.226374,0.688729,0.936779
6.942836,0.180034,8.147475,0.691198,0.935843
6.997859,0.180034,8.069514,0.693683,0.934895
7.052881,0.180034,7.992476,0.696182,0.933933
7.107904,0.180034,7.916345,0.698696,0.932957
7.162926,0.180034,7.841108,0.701224,0.931969
7.217949,0.180034,7.766751,0.703767,0.930967
7.272971,0.180034,7.693261,0.706324,0.929951
7.327994,0.180034,7.620624,0.708896,0.928922
7.383017,0.180034,7.548828,0.711481,0.927879
7.438039,0.180034,7.477859,0.714079,0.926821
7.493062,0.180034,7.407706,0.716692,0.925750
7.548084,0.180034,7.338355,0.719317,0.924663
7.603107,0.180034,7.269797,0.721956,0.923563
7.658129,0.180034,7.202017,0.724608,0.922447
7.713152,0.180034,7.135006,0.727272,0.921317
7.768174,0.180034,7.068752,0.729949,0.920172
7.823197,0.180034,7.003244,0.732639,0.919011
7.878219,0.180034,6.938471,0.735341,0.917835
7.933242,0.180034,6.874422,0.738055,0.916643
7.988264,0.180034,6.811088,0.740780,0.915436
8.043287,0.180034,6.748459,0.743517,0.914213
8.098309,0.180034,6.686523,0.746266,0.912974
8.153332,0.180033,6.625272,0.749025,0.911719
8.208354,0.180033,6.564696,0.751796,0.910448
8.263377,0.180033,6.504785,0.754577,0.909160
8.318399,0.180033,6.445531,0.757369,0.907855
8.373422,0.180033,6.386923,0.760170,0.906533
8.428444,0.180033,6.328954,0.762982,0.905195
8.483467,0.180033,6.271615,0.765804,0.903839
8.538489,0.180033,6.214896,0.768635,0.902466
8.593512,0.180033,6.158790,0.771475,0.901076
8.648534,0.180033,6.103289,0.774324,0.899668
8.703557,0.180033,6.048383,0.777182,0.898242
8.758579,0.180033,5.994066,0.780048,0.896799
8.813602,0.180033,5.940330,0.782923,0.895337
8.868624,0.180033,5.887166,0.785805,0.893857
8.923647,0.180033,5.834567,0.788695,0.892359
8.978669,0.180033,5.782526,0.791592,0.890842
9.033692,0.180033,5.731035,0.794496,0.889306
9.088714,0.180033,5.680088,0.797407,0.887751
9.143737,0.180033,5.629676,0.800324,0.886178
9.198759,0.180033,5.579794,0.803247,0.884585
9.253782,0.180033,5.530435,0.806176,0.882973
9.308804,0.180033,5.481591,0.809111,0.881341
9.363827,0.180033,5.433256,0.812050,0.879690
9.418849,0.180033,5.385424,0.814994,0.878019
9.473872,0.180033,5.338089,0.817943,0.876327
9.528894,0.180033,5.291243,0.820895,0.874616
9.583917,0.180033,5.244882,0.823852,0.872885
9.638939,0.180033,5.198998,0.826811,0.871133
9.693962,0.180033,5.153585,0.829774,0.869361
9.748984,0.180033,5.108639,0.832739,0.867568
9.804007,0.180033,5.064153,0.835707,0.865754
9.859030,0.180033,5.020122,0.838676,0.863919
9.914052,0.180033,4.976539,0.841647,0.862063
9.969075,0.180033,4.933400,0.844619,0.860186
10.024097,0.180033,4.890699,0.847591,0.858288
10.079120,0.180032,4.848430,0.850564,0.856368
10.134142,0.180032,4.806589,0.853536,0.854427
10.189165,0.180032,4.765170,0.856508,0.852463
10.244187,0.180032,4.724168,0.859479,0.850478
10.299210,0.180032,4.683578,0.862449,0.848471
10.354232,0.180032,4.643395,0.865416,0.846442
10.409255,0.180032,4.603615,0.868381,0.844391
10.464277,0.180032,4.564232,0.871344,0.842317
10.519300,0.180032,4.525242,0.874303,0.840222
10.574322,0.180032,4.486639,0.877259,0.838103
10.629345,0.180032,4.448421,0.880210,0.835962
10.684367,0.180032,4.410581,0.883157,0.833798
10.739390,0.180032,4.373116,0.886098,0.831612
10.794412,0.180032,4.336021,0.889034,0.829402
10.849435,0.180032,4.299293,0.891964,0.827170
10.904457,0.180032,4.262925,0.894888,0.824914
10.959480,0.180032,4.226915,0.897804,0.822636
11.014502,0.180032,4.191259,0.900713,0.820334
11.069525,0.180032,4.155951,0.903613,0.818009
11.124547,0.180032,4.120989,0.906505,0.815661
11.179570,0.180032,4.086368,0.909388,0.813289
11.234592,0.180032,4.052085,0.912261,0.810894
11.289615,0.180032,4.018135,0.915124,0.808475
11.344637,0.180032,3.984515,0.917976,0.806033
11.399660,0.180032,3.951221,0.920817,0.803567
11.454682,0.180032,3.918249,0.923646,0.801078
11.509705,0.180032,3.885595,0.926463,0.798565
11.564727,0.180032,3.853257,0.929267,0.796028
11.619750,0.180032,3.821230,0.932057,0.793468
11.674772,0.180032,3.789512,0.934833,0.790884
11.729795,0.180032,3.758098,0.937595,0.788276
11.784817,0.180032,3.726985,0.940341,0.785644
11.839840,0.180032,3.696170,0.943072,0.782989
11.894862,0.180032,3.665650,0.945786,0.780310
11.949885,0.180032,3.635421,0.948483,0.777608
12.004907,0.180032,3.605481,0.951163,0.774882
12.059930,0.180032,3.575825,0.953825,0.772132
12.114952,0.180032,3.546451,0.956468,0.769358
12.169975,0.180032,3.517356,0.959092,0.766561
12.224997,0.180032,3.488536,0.961696,0.763741
12.280020,0.180032,3.459990,0.964279,0.760897
12.335043,0.180032,3.431713,0.966842,0.758030
12.390065,0.180032,3.403703,0.969383,0.755139
12.445088,0.180032,3.375956,0.971901,0.752225
12.500110,0.180032,3.348471,0.974397,0.749288
12.555133,0.180032,3.321244,0.976869,0.746328
12.610155,0.180032,3.294273,0.979317,0.743345
12.665178,0.180032,3.267555,0.981741,0.740339
12.720200,0.180032,3.241086,0.984139,0.737310
12.775223,0.180032,3.214865,0.986512,0.734259
12.830245,0.180032,3.188889,0.988857,0.731185
12.885268,0.180032,3.163155,0.991176,0.728089
12.940290,0.180032,3.137660,0.993468,0.724970
12.995313,0.180032,3.112403,0.995731,0.721830
13.050335,0.180032,3.087380,0.997965,0.718667
13.105358,0.180032,3.062589,1.000169,0.715483
13.160380,0.180031,3.038028,1.002344,0.712277
13.215403,0.180031,3.013694,1.004488,0.709049
13.270425,0.180031,2.989585,1.006601,0.705801
13.325448,0.180031,2.965699,1.008682,0.702531
13.380470,0.180031,2.942033,1.010730,0.699240
13.435493,0.180031,2.918584,1.012746,0.695929
13.490515,0.180031,2.895352,1.014728,0.692597
13.545538,0.180031,2.872332,1.016676,0.689246
13.600560,0.180031,2.849524,1.018589,0.685874
13.655583,0.180031,2.826925,1.020467,0.682482
13.710605,0.180031,2.804533,1.022310,0.679071
13.765628,0.180031,2.782345,1.024116,0.675641
13.820650,0.180031,2.760360,1.025885,0.672192
13.875673,0.180031,2.738576,1.027617,0.668724
13.930695,0.180031,2.716990,1.029310,0.665237
13.985718,0.180031,2.695601,1.030966,0.661733
14.040740,0.180031,2.674406,1.032582,0.658211
14.095763,0.180031,2.653404,1.034159,0.654671
14.150785,0.180031,2.632592,1.035696,0.651114
14.205808,0.180031,2.611968,1.037193,0.647540
14.260830,0.180031,2.591532,1.038648,0.643949
14.315853,0.180031,2.571280,1.040062,0.640342
14.370875,0.180031,2.551211,1.041435,0.636719
14.425898,0.180031,2.531324,1.042765,0.633081
14.480920,0.180031,2.511615,1.044052,0.629428
14.535943,0.180031,2.492084,1.045296,0.625759
14.590965,0.180031,2.472729,1.046496,0.622076
14.645988,0.180031,2.453547,1.047653,0.618379
14.701011,0.180031,2.434538,1.048765,0.614668
14.756033,0.180031,2.415700,1.049832,0.610944
14.811056,0.180031,2.397030,1.050854,0.607207
14.866078,0.180031,2.378527,1.051830,0.603457
14.921101,0.180031,2.360190,1.052760,0.599695
14.976123,0.180031,2.342016,1.053644,0.595921
15.031146,0.180031,2.324005,1.054482,0.592136
15.086168,0.180031,2.306154,1.055272,0.588339
15.141191,0.180031,2.288462,1.056015,0.584533
15.196213,0.180031,2.270928,1.056711,0.580716
15.251236,0.180031,2.253550,1.057359,0.576889
15.306258,0.180031,2.236326,1.057959,0.573054
15.361281,0.180031,2.219255,1.058510,0.569209
15.416303,0.180031,2.202335,1.059013,0.565356
15.471326,0.180031,2.185565,1.059467,0.561495
15.526348,0.180031,2.168943,1.059872,0.557627
15.581371,0.180031,2.152469,1.060228,0.553752
15.636393,0.180031,2.136140,1.060535,0.549870
15.691416,0.180031,2.119955,1.060792,0.545982
15.746438,0.180031,2.103912,1.060999,0.542088
15.801461,0.180031,2.088012,1.061156,0.538190
15.856483,0.180031,2.072251,1.061264,0.534286
15.911506,0.180031,2.056628,1.061321,0.530379
15.966528,0.180031,2.041143,1.061329,0.526467
16.021551,0.180031,2.025794,1.061286,0.522553
16.076573,0.180031,2.010580,1.061192,0.518635
16.131596,0.180031,1.995499,1.061049,0.514716
16.186618,0.180031,1.980550,1.060855,0.510794
16.241641,0.180031,1.965732,1.060611,0.506872
16.296663,0.180031,1.951043,1.060316,0.502948
16.351686,0.180031,1.936483,1.059971,0.499024
16.406708,0.180031,1.922050,1.059576,0.495100
16.461731,0.180031,1.907742,1.059130,0.491177
16.516753,0.180031,1.893560,1.058635,0.487255
16.571776,0.180031,1.879501,1.058089,0.483334
16.626798,0.180031,1.865564,1.057493,0.479416
16.681821,0.180031,1.851748,1.056847,0.475500
16.736843,0.180031,1.838052,1.056152,0.471587
16.791866,0.180031,1.824476,1.055407,0.467677
16.846888,0.180031,1.811017,1.054612,0.463771
16.901911,0.180031,1.797674,1.053768,0.459870
16.956933,0.180031,1.784447,1.052875,0.455974
17.011956,0.180031,1.771335,1.051933,0.452083
17.066978,0.180031,1.758336,1.050942,0.448198
17.122001,0.180031,1.745449,1.049903,0.444320
17.177024,0.180031,1.732674,1.048816,0.440448
17.232046,0.180031,1.720009,1.047680,0.436583
17.287069,0.180031,1.707453,1.046497,0.432726
17.342091,0.180031,1.695005,1.045267,0.428877
17.397114,0.180031,1.682664,1.043989,0.425037
17.452136,0.180031,1.670430,1.042665,0.421206
17.507159,0.180031,1.658300,1.041294,0.417384
17.562181,0.180031,1.646275,1.039877,0.413572
17.617204,0.180031,1.634353,1.038415,0.409771
17.672226,0.180031,1.622534,1.036906,0.405980
17.727249,0.180031,1.610815,1.035353,0.402200
17.782271,0.180031,1.599197,1.033755,0.398432
17.837294,0.180031,1.587679,1.032113,0.394676
17.892316,0.180031,1.576259,1.030428,0.390933
17.947339,0.180031,1.564936,1.028698,0.387202
18.002361,0.180031,1.553711,1.026926,0.383484
18.057384,0.180031,1.542581,1.025111,0.379780
18.112406,0.180031,1.531546,1.023255,0.376090
18.167429,0.180031,1.520605,1.021356,0.372414
18.222451,0.180031,1.509757,1.019417,0.368753
18.277474,0.180031,1.499002,1.017436,0.365107
18.332496,0.180031,1.488338,1.015416,0.361476
18.387519,0.180031,1.477765,1.013356,0.357861
18.442541,0.180031,1.467282,1.011257,0.354263
18.497564,0.180031,1.456887,1.009119,0.350680
18.552586,0.180031,1.446581,1.006943,0.347115
18.607609,0.180031,1.436363,1.004730,0.343566
18.662631,0.180031,1.426231,1.002479,0.340035
18.717654,0.180031,1.416184,1.000192,0.336522
18.772676,0.180031,1.406223,0.997869,0.333026
18.827699,0.180031,1.396346,0.995511,0.329549
18.882721,0.180031,1.386553,0.993118,0.326090
18.937744,0.180031,1.376842,0.990690,0.322650
18.992766,0.180031,1.367213,0.988229,0.319230
19.047789,0.180031,1.357666,0.985735,0.315828
19.102811,0.180031,1.348199,0.983209,0.312446
19.157834,0.180031,1.338811,0.980650,0.309085
19.212856,0.180031,1.329503,0.978060,0.305743
19.267879,0.180031,1.320274,0.975440,0.302421
19.322901,0.180031,1.311121,0.972789,0.299120
19.377924,0.180031,1.302046,0.970109,0.295840
19.432946,0.180031,1.293047,0.967400,0.292581
19.487969,0.180031,1.284124,0.964663,0.289343
19.542991,0.180031,1.275275,0.961898,0.286126
19.598014,0.180031,1.266501,0.959105,0.282931
19.653037,0.180031,1.257800,0.956287,0.279757
19.708059,0.180031,1.249173,0.953442,0.276605
19.763082,0.180031,1.240617,0.950573,0.273476
19.818104,0.180031,1.232133,0.947678,0.270368
19.873127,0.180031,1.223720,0.944760,0.267283
19.928149,0.180031,1.215378,0.941818,0.264220
19.983172,0.180031,1.207105,0.938853,0.261180
20.038194,0.180031,1.198901,0.935866,0.258163
20.093217,0.180031,1.190765,0.932858,0.255168
20.148239,0.180031,1.182698,0.929829,0.252196
20.203262,0.180031,1.174697,0.926779,0.249248
20.258284,0.180031,1.166764,0.923709,0.246322
20.313307,0.180030,1.158896,0.920621,0.243420
20.368329,0.180030,1.151094,0.917513,0.240541
20.423352,0.180030,1.143357,0.914388,0.237685
20.478374,0.180030,1.135684,0.911246,0.234853
20.533397,0.180030,1.128075,0.908087,0.232044
20.588419,0.180030,1.120529,0.904911,0.229259
20.643442,0.180030,1.113046,0.901720,0.226497
20.698464,0.180030,1.105625,0.898514,0.223759
20.753487,0.180030,1.098265,0.895294,0.221045
20.808509,0.180030,1.090966,0.892060,0.218354
20.863532,0.180030,1.083728,0.888812,0.215687
20.918554,0.180030,1.076550,0.885552,0.213044
20.973577,0.180030,1.069431,0.882280,0.210424
21.028599,0.180030,1.062371,0.878996,0.207828
21.083622,0.180030,1.055369,0.875701,0.205256
21.138644,0.180030,1.048426,0.872396,0.202707
21.193667,0.180030,1.041539,0.869081,0.200182
21.248689,0.180030,1.034710,0.865756,0.197681
21.303712,0.180030,1.027936,0.862423,0.195203
21.358734,0.180030,1.021219,0.859081,0.192749
21.413757,0.180030,1.014557,0.855731,0.190319
21.468779,0.180030,1.007950,0.852374,0.187912
21.523802,0.180030,1.001397,0.849011,0.185528
21.578824,0.180030,0.994899,0.845641,0.183168
21.633847,0.180030,0.988453,0.842265,0.180831
21.688869,0.180030,0.982061,0.838884,0.178518
21.743892,0.180030,0.975721,0.835499,0.176228
21.798914,0.180030,0.969434,0.832109,0.173961
21.853937,0.180030,0.963198,0.828715,0.171717
21.908959,0.180030,0.957013,0.825318,0.169496
21.963982,0.180030,0.950879,0.821918,0.167298
22.019005,0.180030,0.944795,0.818515,0.165122
22.074027,0.180030,0.938761,0.815111,0.162970
22.129050,0.180030,0.932777,0.811705,0.160840
22.184072,0.180030,0.926841,0.808298,0.158733
22.239095,0.180030,0.920954,0.804890,0.156648
22.294117,0.180030,0.915115,0.801482,0.154586
22.349140,0.180030,0.909324,0.798074,0.152546
22.404162,0.180030,0.903581,0.794666,0.150527
22.459185,0.180030,0.897884,0.791260,0.148531
22.514207,0.180030,0.892234,0.787855,0.146557
22.569230,0.180030,0.886630,0.784452,0.144605
22.624252,0.180030,0.881071,0.781051,0.142674
22.679275,0.180030,0.875558,0.777652,0.140765
22.734297,0.180030,0.870090,0.774257,0.138877
22.789320,0.180030,0.864667,0.770864,0.137011
22.844342,0.180030,0.859287,0.767475,0.135165
22.899365,0.180030,0.853952,0.764090,0.133341
22.954387,0.180030,0.848660,0.760710,0.131538
23.009410,0.180030,0.843411,0.757334,0.129755
23.064432,0.180030,0.838204,0.753963,0.127993
23.119455,0.180030,0.833040,0.750597,0.126251
23.174477,0.180030,0.827918,0.747237,0.124530
23.229500,0.180030,0.822838,0.743882,0.122829
23.284522,0.180030,0.817799,0.740534,0.121148
23.339545,0.180030,0.812800,0.737193,0.119486
23.394567,0.180030,0.807842,0.733858,0.117845
23.449590,0.180030,0.802925,0.730530,0.116223
23.504612,0.180030,0.798047,0.727210,0.114620
23.559635,0.180030,0.793209,0.723897,0.113037
23.614657,0.180030,0.788410,0.720592,0.111473
23.669680,0.180030,0.783650,0.717295,0.109928
23.724702,0.180030,0.778928,0.714007,0.108401
23.779725,0.180030,0.774245,0.710727,0.106894
23.834747,0.180030,0.769599,0.707456,0.105404
23.889770,0.180030,0.764991,0.704194,0.103934
23.944792,0.180030,0.760420,0.700941,0.102481
23.999815,0.180030,0.755886,0.697698,0.101046
24.054837,0.180030,0.751389,0.694465,0.099629
24.109860,0.180030,0.746928,0.691242,0.098230
24.164882,0.180030,0.742503,0.688028,0.096848
24.219905,0.180030,0.738114,0.684825,0.095484
24.274927,0.180030,0.733760,0.681633,0.094137
24.329950,0.180030,0.729441,0.678452,0.092807
24.384972,0.180030,0.725157,0.675281,0.091494
24.439995,0.180030,0.720907,0.672121,0.090198
24.495018,0.180030,0.716692,0.668973,0.088918
24.550040,0.180030,0.712510,0.665836,0.087654
24.605063,0.180030,0.708362,0.662711,0.086407
24.660085,0.180030,0.704248,0.659597,0.085176
24.715108,0.180030,0.700167,0.656495,0.083961
24.770130,0.180030,0.696118,0.653406,0.082762
24.825153,0.180030,0.692102,0.650328,0.081578
24.880175,0.180030,0.688118,0.647263,0.080410
24.935198,0.180030,0.684166,0.644210,0.079257
24.990220,0.180030,0.680246,0.641170,0.078119
25.045243,0.180030,0.676357,0.638142,0.076996
25.100265,0.180030,0.672500,0.635127,0.075888
25.155288,0.180030,0.668673,0.632125,0.074794
25.210310,0.180030,0.664877,0.629136,0.073715
25.265333,0.180030,0.661111,0.626160,0.072651
25.320355,0.180030,0.657376,0.623198,0.071600
25.375378,0.180030,0.653670,0.620248,0.070564
25.430400,0.180030,0.649995,0.617313,0.069542
25.485423,0.180030,0.646348,0.614390,0.068533
25.540445,0.180030,0.642731,0.611481,0.067538
25.595468,0.180030,0.639142,0.608586,0.066556
25.650490,0.180030,0.635582,0.605704,0.065587
25.705513,0.180030,0.632051,0.602836,0.064632
25.760535,0.180030,0.628548,0.599982,0.063689
25.815558,0.180030,0.625073,0.597142,0.062760
25.870580,0.180030,0.621625,0.594316,0.061843
25.925603,0.180030,0.618205,0.591504,0.060938
25.980625,0.180030,0.614813,0.588706,0.060046
26.035648,0.180030,0.611447,0.585922,0.059167
26.090670,0.180030,0.608108,0.583152,0.058299
26.145693,0.180030,0.604796,0.580396,0.057443
26.200715,0.180030,0.601510,0.577655,0.056599
26.255738,0.180030,0.598250,0.574928,0.055767
26.310760,0.180030,0.595017,0.572215,0.054946
26.365783,0.180030,0.591808,0.569516,0.054137
26.420805,0.180030,0.588626,0.566832,0.053339
26.475828,0.180030,0.585469,0.564162,0.052552
26.530850,0.180030,0.582337,0.561507,0.051776
26.585873,0.180030,0.579229,0.558866,0.051010
26.640895,0.180030,0.576147,0.556240,0.050256
26.695918,0.180030,0.573089,0.553628,0.049512
26.750940,0.180030,0.570055,0.551030,0.048778
26.805963,0.180030,0.567045,0.548447,0.048055
26.860985,0.180030,0.564059,0.545878,0.047342
26.916008,0.180030,0.561097,0.543324,0.046639
26.971031,0.180030,0.558158,0.540784,0.045946
27.026053,0.180030,0.555243,0.538259,0.045263
27.081076,0.180030,0.552350,0.535749,0.044590
27.136098,0.180030,0.549481,0.533252,0.043926
27.191121,0.180030,0.546634,0.530771,0.043271
27.246143,0.180030,0.543810,0.528303,0.042626
27.301166,0.180030,0.541008,0.525851,0.041990
27.356188,0.180030,0.538229,0.523412,0.041363
27.411211,0.180030,0.535471,0.520988,0.040746
27.466233,0.180030,0.532735,0.518579,0.040136
27.521256,0.180030,0.530021,0.516183,0.039536
27.576278,0.180030,0.527328,0.513803,0.038944
27.631301,0.180030,0.524656,0.511436,0.038361
27.686323,0.180030,0.522006,0.509084,0.037786
27.741346,0.180030,0.519376,0.506746,0.037220
27.796368,0.180030,0.516768,0.504422,0.036661
27.851391,0.180030,0.514179,0.502113,0.036111
27.906413,0.180030,0.511612,0.499818,0.035569
27.961436,0.180030,0.509064,0.497537,0.035034
28.016458,0.180030,0.506537,0.495270,0.034507
28.071481,0.180030,0.504029,0.493017,0.033988
28.126503,0.180030,0.501541,0.490778,0.033477
28.181526,0.180030,0.499073,0.488554,0.032972
28.236548,0.180030,0.496624,0.486343,0.032476
28.291571,0.180030,0.494195,0.484146,0.031986
28.346593,0.180030,0.491785,0.481963,0.031504
28.401616,0.180030,0.489393,0.479794,0.031028
28.456638,0.180030,0.487021,0.477639,0.030560
28.511661,0.180030,0.484667,0.475498,0.030098
28.566683,0.180030,0.482331,0.473370,0.029643
28.621706,0.180030,0.480014,0.471256,0.029195
28.676728,0.180030,0.477715,0.469156,0.028754
28.731751,0.180030,0.475435,0.467069,0.028318
28.786773,0.180030,0.473172,0.464996,0.027890
28.841796,0.180030,0.470927,0.462936,0.027467
28.896818,0.180030,0.468699,0.460890,0.027051
28.951841,0.180030,0.466489,0.458857,0.026641
29.006863,0.180030,0.464296,0.456838,0.026237
29.061886,0.180030,0.462121,0.454832,0.025839
29.116908,0.180030,0.459962,0.452839,0.025447
29.171931,0.180030,0.457821,0.450859,0.025060
29.226953,0.180030,0.455696,0.448893,0.024680
29.281976,0.180030,0.453588,0.446939,0.024305
29.336998,0.180030,0.451496,0.444999,0.023935
29.392021,0.180030,0.449421,0.443071,0.023571
29.447044,0.180030,0.447362,0.441157,0.023213
29.502066,0.180030,0.445319,0.439255,0.022860
29.557089,0.180030,0.443292,0.437366,0.022512
29.612111,0.180030,0.441281,0.435490,0.022169
29.667134,0.180030,0.439286,0.433626,0.021831
29.722156,0.180030,0.437306,0.431775,0.021498
29.777179,0.180030,0.435342,0.429937,0.021171
29.832201,0.180030,0.433393,0.428111,0.020848
29.887224,0.180030,0.431460,0.426298,0.020530
29.942246,0.180030,0.429541,0.424497,0.020217
29.997269,0.180030,0.427638,0.422708,0.019908
30.052291,0.180030,0.425749,0.420932,0.019604
30.107314,0.180030,0.423875,0.419168,0.019305
30.162336,0.180030,0.422016,0.417415,0.019010
30.217359,0.180030,0.420171,0.415675,0.018719
30.272381,0.180030,0.418340,0.413947,0.018433
30.327404,0.180030,0.416524,0.412231,0.018151
30.382426,0.180030,0.414722,0.410527,0.017874
30.437449,0.180030,0.412934,0.408835,0.017600
30.492471,0.180030,0.411160,0.407154,0.017331
30.547494,0.180030,0.409400,0.405485,0.017065
30.602516,0.180030,0.407653,0.403828,0.016804
30.657539,0.180030,0.405920,0.402182,0.016547
30.712561,0.180030,0.404201,0.400548,0.016293
30.767584,0.180030,0.402495,0.398925,0.016044
30.822606,0.180030,0.400802,0.397314,0.015798
30.877629,0.180030,0.399122,0.395714,0.015556
30.932651,0.180030,0.397456,0.394125,0.015317
30.987674,0.180030,0.395802,0.392548,0.015082
31.042696,0.180030,0.394161,0.390981,0.014851
31.097719,0.180030,0.392533,0.389426,0.014623
31.152741,0.180030,0.390918,0.387881,0.014398
31.207764,0.180030,0.389315,0.386348,0.014177
31.262786,0.180030,0.387725,0.384825,0.013960
31.317809,0.180030,0.386147,0.383313,0.013745
31.372831,0.180030,0.384581,0.381812,0.013534
31.427854,0.180030,0.383027,0.380322,0.013326
31.482876,0.180030,0.381486,0.378842,0.013121
31.537899,0.180030,0.379956,0.377373,0.012919
31.592921,0.180030,0.378438,0.375914,0.012721
31.647944,0.180030,0.376932,0.374466,0.012525
31.702966,0.180030,0.375438,0.373028,0.012333
31.757989,0.180030,0.373955,0.371600,0.012143
31.813012,0.180030,0.372484,0.370183,0.011956
31.868034,0.180030,0.371024,0.368776,0.011772
31.923057,0.180030,0.369575,0.367378,0.011591
31.978079,0.180030,0.368138,0.365991,0.011412
32.033102,0.180030,0.366712,0.364614,0.011237
32.088124,0.180030,0.365297,0.363247,0.011064
32.143147,0.180030,0.363892,0.361890,0.010893
32.198169,0.180030,0.362499,0.360542,0.010725
32.253192,0.180030,0.361117,0.359204,0.010560
32.308214,0.180030,0.359745,0.357876,0.010397
32.363237,0.180030,0.358383,0.356558,0.010237
32.418259,0.180030,0.357033,0.355249,0.010079
32.473282,0.180030,0.355692,0.353949,0.009924
32.528304,0.180030,0.354362,0.352659,0.009771
32.583327,0.180030,0.353043,0.351378,0.009620
32.638349,0.180030,0.351733,0.350107,0.009472
32.693372,0.180030,0.350434,0.348845,0.009326
32.748394,0.180030,0.349144,0.347591,0.009182
32.803417,0.180030,0.347865,0.346348,0.009040
32.858439,0.180030,0.346595,0.345113,0.008900
32.913462,0.180030,0.345336,0.343887,0.008763
32.968484,0.180030,0.344085,0.342670,0.008628
33.023507,0.180030,0.342845,0.341462,0.008494
33.078529,0.180030,0.341614,0.340263,0.008363
33.133552,0.180030,0.340393,0.339072,0.008234
33.188574,0.180030,0.339181,0.337891,0.008107
33.243597,0.180030,0.337978,0.336718,0.007982
33.298619,0.180030,0.336785,0.335553,0.007858
33.353642,0.180030,0.335601,0.334397,0.007737
33.408664,0.180030,0.334426,0.333250,0.007617
33.463687,0.180030,0.333260,0.332111,0.007500
33.518709,0.180030,0.332103,0.330980,0.007384
33.573732,0.180030,0.330955,0.329858,0.007270
33.628754,0.180030,0.329816,0.328743,0.007157
33.683777,0.180030,0.328685,0.327638,0.007046
33.738799,0.180030,0.327563,0.326540,0.006937
33.793822,0.180030,0.326450,0.325450,0.006830
33.848844,0.180030,0.325345,0.324368,0.006725
33.903867,0.180030,0.324249,0.323294,0.006620
33.958889,0.180030,0.323162,0.322229,0.006518
34.013912,0.180030,0.322082,0.321171,0.006417
34.068934,0.180030,0.321011,0.320120,0.006318
34.123957,0.180030,0.319948,0.319078,0.006220
34.178979,0.180030,0.318894,0.318043,0.006124
34.234002,0.180030,0.317847,0.317016,0.006029
34.289025,0.180030,0.316809,0.315997,0.005936
34.344047,0.180030,0.315778,0.314985,0.005844
34.399070,0.180030,0.314755,0.313980,0.005753
34.454092,0.180030,0.313740,0.312983,0.005664
34.509115,0.180030,0.312733,0.311993,0.005577
34.564137,0.180030,0.311734,0.311011,0.005490
34.619160,0.180030,0.310742,0.310036,0.005405
34.674182,0.180030,0.309758,0.309068,0.005321
34.729205,0.180030,0.308782,0.308107,0.005239
34.784227,0.180030,0.307813,0.307154,0.005158
34.839250,0.180030,0.306851,0.306207,0.005078
34.894272,0.180030,0.305897,0.305268,0.004999
34.949295,0.180030,0.304950,0.304335,0.004922
35.004317,0.180030,0.304011,0.303410,0.004845
35.059340,0.180030,0.303078,0.302491,0.004770
35.114362,0.180030,0.302153,0.301579,0.004696
35.169385,0.180030,0.301234,0.300674,0.004624
35.224407,0.180030,0.300323,0.299776,0.004552
35.279430,0.180030,0.299419,0.298884,0.004481
35.334452,0.180030,0.298522,0.297999,0.004412
35.389475,0.180030,0.297631,0.297120,0.004343
35.444497,0.180030,0.296748,0.296248,0.004276
35.499520,0.180030,0.295871,0.295383,0.004210
35.554542,0.180030,0.295000,0.294524,0.004144
35.609565,0.180030,0.294137,0.293671,0.004080
35.664587,0.180030,0.293280,0.292825,0.004017
35.719610,0.180030,0.292429,0.291985,0.003955
35.774632,0.180030,0.291586,0.291151,0.003893
35.829655,0.180030,0.290748,0.290324,0.003833
35.884677,0.180030,0.289917,0.289502,0.003773
35.939700,0.180030,0.289092,0.288687,0.003715
35.994722,0.180030,0.288274,0.287878,0.003657
36.049745,0.180030,0.287462,0.287075,0.003600
36.104767,0.180030,0.286656,0.286278,0.003545
36.159790,0.180030,0.285856,0.285487,0.003490
36.214812,0.180030,0.285062,0.284701,0.003435
36.269835,0.180030,0.284274,0.283922,0.003382
36.324857,0.180030,0.283493,0.283148,0.003330
36.379880,0.180030,0.282717,0.282380,0.003278
36.434902,0.180030,0.281947,0.281618,0.003227
36.489925,0.180030,0.281183,0.280862,0.003177
36.544947,0.180030,0.280425,0.280111,0.003128
36.599970,0.180030,0.279673,0.279366,0.003079
36.654992,0.180030,0.278926,0.278626,0.003031
36.710015,0.180030,0.278185,0.277892,0.002984
36.765038,0.180030,0.277450,0.277164,0.002938
36.820060,0.180030,0.276720,0.276441,0.002892
36.875083,0.180030,0.275996,0.275723,0.002847
36.930105,0.180030,0.275278,0.275011,0.002803
36.985128,0.180030,0.274564,0.274303,0.002760
37.040150,0.180030,0.273857,0.273602,0.002717
37.095173,0.180030,0.273154,0.272905,0.002674
37.150195,0.180030,0.272457,0.272214,0.002633
37.205218,0.180030,0.271766,0.271528,0.002592
37.260240,0.180030,0.271079,0.270847,0.002552
37.315263,0.180030,0.270398,0.270171,0.002512
37.370285,0.180030,0.269722,0.269500,0.002473
37.425308,0.180030,0.269051,0.268834,0.002435
37.480330,0.180030,0.268385,0.268173,0.002397
37.535353,0.180030,0.267724,0.267518,0.002360
37.590375,0.180030,0.267069,0.266867,0.002323
37.645398,0.180030,0.266418,0.266220,0.002287
37.700420,0.180030,0.265772,0.265579,0.002251
37.755443,0.180030,0.265131,0.264943,0.002216
37.810465,0.180030,0.264495,0.264311,0.002182
37.865488,0.180030,0.263864,0.263684,0.002148
37.920510,0.180030,0.263238,0.263062,0.002115
37.975533,0.180030,0.262616,0.262444,0.002082
38.030555,0.180030,0.261999,0.261831,0.002049
38.085578,0.180030,0.261387,0.261223,0.002018
38.140600,0.180030,0.260779,0.260619,0.001986
38.195623,0.180030,0.260176,0.260019,0.001955
38.250645,0.180030,0.259578,0.259425,0.001925
38.305668,0.180030,0.258984,0.258834,0.001895
38.360690,0.180030,0.258394,0.258248,0.001866
38.415713,0.180030,0.257809,0.257667,0.001837
38.470735,0.180030,0.257229,0.257089,0.001808
38.525758,0.180030,0.256653,0.256516,0.001780
38.580780,0.180030,0.256081,0.255948,0.001752
38.635803,0.180030,0.255514,0.255383,0.001725
38.690825,0.180030,0.254951,0.254823,0.001698
38.745848,0.180030,0.254392,0.254267,0.001672
38.800870,0.180030,0.253837,0.253716,0.001646
38.855893,0.180030,0.253287,0.253168,0.001620
38.910915,0.180030,0.252740,0.252624,0.001595
38.965938,0.180030,0.252198,0.252085,0.001570
39.020960,0.180030,0.251660,0.251550,0.001546
39.075983,0.180030,0.251126,0.251018,0.001522
39.131006,0.180030,0.250596,0.250491,0.001498
39.186028,0.180030,0.250070,0.249967,0.001475
39.241051,0.180030,0.249549,0.249448,0.001452
39.296073,0.180030,0.249031,0.248932,0.001429
39.351096,0.180030,0.248517,0.248420,0.001407
39.406118,0.180030,0.248006,0.247912,0.001385
39.461141,0.180030,0.247500,0.247408,0.001364
39.516163,0.180030,0.246998,0.246908,0.001342
39.571186,0.180030,0.246499,0.246411,0.001322
39.626208,0.180030,0.246004,0.245918,0.001301
39.681231,0.180030,0.245513,0.245429,0.001281
39.736253,0.180030,0.245025,0.244943,0.001261
39.791276,0.180030,0.244541,0.244461,0.001241
39.846298,0.180030,0.244061,0.243983,0.001222
39.901321,0.180030,0.243585,0.243508,0.001203
39.956343,0.180030,0.243112,0.243037,0.001184
40.011366,0.180030,0.242642,0.242569,0.001166
40.066388,0.180030,0.242177,0.242105,0.001148
40.121411,0.180030,0.241714,0.241645,0.001130
40.176433,0.180030,0.241256,0.241187,0.001112
40.231456,0.180030,0.240800,0.240734,0.001095
40.286478,0.180030,0.240348,0.240283,0.001078
40.341501,0.180030,0.239900,0.239836,0.001061
40.396523,0.180030,0.239455,0.239393,0.001045
40.451546,0.180030,0.239013,0.238952,0.001028
40.506568,0.180030,0.238574,0.238515,0.001012
40.561591,0.180030,0.238139,0.238081,0.000997
40.616613,0.180030,0.237707,0.237651,0.000981
40.671636,0.180030,0.237279,0.237224,0.000966
40.726658,0.180030,0.236853,0.236799,0.000951
40.781681,0.180030,0.236431,0.236378,0.000936
40.836703,0.180030,0.236012,0.235961,0.000921
40.891726,0.180030,0.235596,0.235546,0.000907
40.946748,0.180030,0.235184,0.235134,0.000893
41.001771,0.180030,0.234774,0.234726,0.000879
41.056793,0.180030,0.234368,0.234321,0.000865
41.111816,0.180030,0.233964,0.233918,0.000852
41.166838,0.180030,0.233564,0.233519,0.000839
41.221861,0.180030,0.233166,0.233122,0.000826
41.276883,0.180030,0.232772,0.232729,0.000813
41.331906,0.180030,0.232380,0.232339,0.000800
41.386928,0.180030,0.231992,0.231951,0.000788
41.441951,0.180030,0.231606,0.231566,0.000775
41.496973,0.180030,0.231224,0.231185,0.000763
41.551996,0.180030,0.230844,0.230806,0.000751
41.607019,0.180030,0.230467,0.230430,0.000740
41.662041,0.180030,0.230093,0.230056,0.000728
41.717064,0.180030,0.229721,0.229686,0.000717
41.772086,0.180030,0.229353,0.229318,0.000706
41.827109,0.180030,0.228987,0.228953,0.000695
41.882131,0.180030,0.228624,0.228591,0.000684
41.937154,0.180030,0.228264,0.228231,0.000673
41.992176,0.180030,0.227906,0.227875,0.000663
42.047199,0.180030,0.227551,0.227520,0.000653
42.102221,0.180030,0.227199,0.227169,0.000642
42.157244,0.180030,0.226850,0.226820,0.000632
42.212266,0.180030,0.226503,0.226474,0.000623
42.267289,0.180030,0.226158,0.226130,0.000613
42.322311,0.180030,0.225817,0.225789,0.000603
42.377334,0.180030,0.225477,0.225450,0.000594
42.432356,0.180030,0.225141,0.225114,0.000585
42.487379,0.180030,0.224807,0.224781,0.000576
42.542401,0.180030,0.224475,0.224450,0.000567
42.597424,0.180030,0.224146,0.224121,0.000558
42.652446,0.180030,0.223819,0.223795,0.000549
42.707469,0.180030,0.223495,0.223471,0.000541
42.762491,0.180030,0.223173,0.223150,0.000532
42.817514,0.180030,0.222854,0.222831,0.000524
42.872536,0.180030,0.222537,0.222515,0.000516
42.927559,0.180030,0.222222,0.222201,0.000508
42.982581,0.180030,0.221910,0.221889,0.000500
43.037604,0.180030,0.221600,0.221580,0.000492
43.092626,0.180030,0.221293,0.221273,0.000484
43.147649,0.180030,0.220987,0.220968,0.000477
43.202671,0.180030,0.220684,0.220665,0.000469
43.257694,0.180030,0.220384,0.220365,0.000462
43.312716,0.180030,0.220085,0.220067,0.000455
43.367739,0.180030,0.219789,0.219771,0.000448
43.422761,0.180030,0.219495,0.219477,0.000441
43.477784,0.180030,0.219203,0.219186,0.000434
43.532806,0.180030,0.218913,0.218897,0.000427
43.587829,0.180030,0.218626,0.218610,0.000421
43.642851,0.180030,0.218341,0.218325,0.000414
43.697874,0.180030,0.218057,0.218042,0.000408
43.752896,0.180030,0.217776,0.217761,0.000401
43.807919,0.180030,0.217497,0.217483,0.000395
43.862941,0.180030,0.217220,0.217206,0.000389
43.917964,0.180030,0.216946,0.216932,0.000383
43.972986,0.180030,0.216673,0.216659,0.000377
44.028009,0.180030,0.216402,0.216389,0.000371
44.083032,0.180030,0.216134,0.216120,0.000365
44.138054,0.180030,0.215867,0.215854,0.000360
44.193077,0.180030,0.215602,0.215590,0.000354
44.248099,0.180030,0.215340,0.215327,0.000348
44.303122,0.180030,0.215079,0.215067,0.000343
44.358144,0.180030,0.214820,0.214808,0.000338
44.413167,0.180030,0.214563,0.214552,0.000332
44.468189,0.180030,0.214308,0.214297,0.000327
44.523212,0.180030,0.214055,0.214044,0.000322
44.578234,0.180030,0.213804,0.213793,0.000317
44.633257,0.180030,0.213555,0.213544,0.000312
44.688279,0.180030,0.213307,0.213297,0.000307
44.743302,0.180030,0.213062,0.213052,0.000303
44.798324,0.180030,0.212818,0.212808,0.000298
44.853347,0.180030,0.212576,0.212567,0.000293
44.908369,0.180030,0.212336,0.212327,0.000289
44.963392,0.180030,0.212098,0.212089,0.000284
45.018414,0.180030,0.211861,0.211852,0.000280
45.073437,0.180030,0.211626,0.211618,0.000275
45.128459,0.180030,0.211393,0.211385,0.000271
45.183482,0.180030,0.211162,0.211154,0.000267
45.238504,0.180030,0.210933,0.210924,0.000263
45.293527,0.180030,0.210705,0.210697,0.000259
45.348549,0.180030,0.210479,0.210471,0.000255
45.403572,0.180030,0.210254,0.210247,0.000251
45.458594,0.180030,0.210031,0.210024,0.000247
45.513617,0.180030,0.209810,0.209803,0.000243
45.568639,0.180030,0.209591,0.209584,0.000239
45.623662,0.180030,0.209373,0.209366,0.000235
45.678684,0.180030,0.209157,0.209150,0.000232
45.733707,0.180030,0.208942,0.208935,0.000228
45.788729,0.180030,0.208729,0.208723,0.000225
45.843752,0.180030,0.208518,0.208511,0.000221
45.898774,0.180030,0.208308,0.208302,0.000218
45.953797,0.180030,0.208100,0.208094,0.000214
46.008819,0.180030,0.207893,0.207887,0.000211
46.063842,0.180030,0.207688,0.207682,0.000208
46.118864,0.180030,0.207484,0.207478,0.000204
46.173887,0.180030,0.207282,0.207276,0.000201
46.228909,0.180030,0.207081,0.207076,0.000198
46.283932,0.180030,0.206882,0.206877,0.000195
46.338954,0.180030,0.206684,0.206679,0.000192
46.393977,0.180030,0.206488,0.206483,0.000189
46.448999,0.180030,0.206293,0.206289,0.000186
46.504022,0.180030,0.206100,0.206095,0.000183
46.559045,0.180030,0.205908,0.205904,0.000180
46.614067,0.180030,0.205718,0.205713,0.000177
46.669090,0.180030,0.205529,0.205524,0.000175
46.724112,0.180030,0.205341,0.205337,0.000172
46.779135,0.180030,0.205155,0.205151,0.000169
46.834157,0.180030,0.204970,0.204966,0.000167
46.889180,0.180030,0.204787,0.204783,0.000164
46.944202,0.180030,0.204605,0.204601,0.000161
46.999225,0.180030,0.204424,0.204420,0.000159
47.054247,0.180030,0.204245,0.204241,0.000156
47.109270,0.180030,0.204067,0.204063,0.000154
47.164292,0.180030,0.203890,0.203886,0.000152
47.219315,0.180030,0.203714,0.203711,0.000149
47.274337,0.180030,0.203540,0.203537,0.000147
47.329360,0.180030,0.203368,0.203364,0.000145
47.384382,0.180030,0.203196,0.203193,0.000142
47.439405,0.180030,0.203026,0.203023,0.000140
47.494427,0.180030,0.202857,0.202854,0.000138
47.549450,0.180030,0.202689,0.202686,0.000136
47.604472,0.180030,0.202523,0.202520,0.000134
47.659495,0.180030,0.202357,0.202354,0.000132
47.714517,0.180030,0.202193,0.202190,0.000130
47.769540,0.180030,0.202030,0.202028,0.000128
47.824562,0.180030,0.201869,0.201866,0.000126
47.879585,0.180030,0.201708,0.201706,0.000124
47.934607,0.180030,0.201549,0.201547,0.000122
47.989630,0.180030,0.201391,0.201389,0.000120
48.044652,0.180030,0.201234,0.201232,0.000118
48.099675,0.180030,0.201079,0.201076,0.000116
48.154697,0.180030,0.200924,0.200922,0.000114
48.209720,0.180030,0.200771,0.200768,0.000113
48.264742,0.180030,0.200618,0.200616,0.000111
48.319765,0.180030,0.200467,0.200465,0.000109
48.374787,0.180030,0.200317,0.200315,0.000107
48.429810,0.180030,0.200168,0.200166,0.000106
48.484832,0.180030,0.200021,0.200018,0.000104
48.539855,0.180030,0.199874,0.199872,0.000102
48.594877,0.180030,0.199728,0.199726,0.000101
48.649900,0.180030,0.199584,0.199582,0.000099
48.704922,0.180030,0.199440,0.199438,0.000098
48.759945,0.180030,0.199298,0.199296,0.000096
48.814967,0.180030,0.199157,0.199155,0.000095
48.869990,0.180030,0.199016,0.199014,0.000093
48.925013,0.180030,0.198877,0.198875,0.000092
48.980035,0.180030,0.198739,0.198737,0.000090
49.035058,0.180030,0.198602,0.198600,0.000089
49.090080,0.180030,0.198465,0.198464,0.000088
49.145103,0.180030,0.198330,0.198329,0.000086
49.200125,0.180030,0.198196,0.198195,0.000085
49.255148,0.180030,0.198063,0.198061,0.000084
49.310170,0.180030,0.197931,0.197929,0.000082
49.365193,0.180030,0.197799,0.197798,0.000081
49.420215,0.180030,0.197669,0.197668,0.000080
49.475238,0.180030,0.197540,0.197539,0.000078
49.530260,0.180030,0.197412,0.197410,0.000077
49.585283,0.180030,0.197284,0.197283,0.000076
49.640305,0.180030,0.197158,0.197157,0.000075
49.695328,0.180030,0.197032,0.197031,0.000074
49.750350,0.180030,0.196908,0.196907,0.000073
49.805373,0.180030,0.196784,0.196783,0.000071
49.860395,0.180030,0.196661,0.196660,0.000070
49.915418,0.180030,0.196540,0.196538,0.000069
49.970440,0.180030,0.196419,0.196418,0.000068
50.025463,0.180030,0.196299,0.196298,0.000067
50.080485,0.180030,0.196179,0.196178,0.000066
50.135508,0.180030,0.196061,0.196060,0.000065
50.190530,0.180030,0.195944,0.195943,0.000064
50.245553,0.180030,0.195827,0.195826,0.000063
50.300575,0.180030,0.195712,0.195711,0.000062
50.355598,0.180030,0.195597,0.195596,0.000061
50.410620,0.180030,0.195483,0.195482,0.000060
50.465643,0.180030,0.195370,0.195369,0.000059
50.520665,0.180030,0.195257,0.195257,0.000058
50.575688,0.180030,0.195146,0.195145,0.000057
50.630710,0.180030,0.195035,0.195035,0.000056
50.685733,0.180030,0.194926,0.194925,0.000056
50.740755,0.180030,0.194817,0.194816,0.000055
50.795778,0.180030,0.194708,0.194708,0.000054
50.850800,0.180030,0.194601,0.194600,0.000053
50.905823,0.180030,0.194494,0.194494,0.000052
50.960845,0.180030,0.194389,0.194388,0.000051
51.015868,0.180030,0.194284,0.194283,0.000051
51.070890,0.180030,0.194179,0.194179,0.000050
51.125913,0.180030,0.194076,0.194075,0.000049
51.180935,0.180030,0.193973,0.193972,0.000048
51.235958,0.180030,0.193871,0.193871,0.000047
51.290980,0.180030,0.193770,0.193769,0.000047
51.346003,0.180030,0.193670,0.193669,0.000046
51.401026,0.180030,0.193570,0.193569,0.000045
51.456048,0.180030,0.193471,0.193470,0.000045
51.511071,0.180030,0.193373,0.193372,0.000044
51.566093,0.180030,0.193275,0.193274,0.000043
51.621116,0.180030,0.193178,0.193178,0.000043
51.676138,0.180030,0.193082,0.193082,0.000042
51.731161,0.180030,0.192987,0.192986,0.000041
51.786183,0.180030,0.192892,0.192892,0.000041
51.841206,0.180030,0.192798,0.192798,0.000040
51.896228,0.180030,0.192705,0.192704,0.000039
51.951251,0.180030,0.192612,0.192612,0.000039
52.006273,0.180030,0.192520,0.192520,0.000038
52.061296,0.180030,0.192429,0.192429,0.000038
52.116318,0.180030,0.192338,0.192338,0.000037
52.171341,0.180030,0.192248,0.192248,0.000036
52.226363,0.180030,0.192159,0.192159,0.000036
52.281386,0.180030,0.192071,0.192070,0.000035
52.336408,0.180030,0.191983,0.191982,0.000035
52.391431,0.180030,0.191895,0.191895,0.000034
52.446453,0.180030,0.191809,0.191808,0.000034
52.501476,0.180030,0.191723,0.191722,0.000033
52.556498,0.180030,0.191637,0.191637,0.000033
52.611521,0.180030,0.191553,0.191552,0.000032
52.666543,0.180030,0.191469,0.191468,0.000032
52.721566,0.180030,0.191385,0.191385,0.000031
52.776588,0.180030,0.191302,0.191302,0.000031
52.831611,0.180030,0.191220,0.191220,0.000030
52.886633,0.180030,0.191138,0.191138,0.000030
52.941656,0.180030,0.191057,0.191057,0.000029
52.996678,0.180030,0.190977,0.190976,0.000029
53.051701,0.180030,0.190897,0.190897,0.000028
53.106723,0.180030,0.190818,0.190817,0.000028
53.161746,0.180030,0.190739,0.190739,0.000027
53.216768,0.180030,0.190661,0.190660,0.000027
53.271791,0.180030,0.190583,0.190583,0.000027
53.326813,0.180030,0.190506,0.190506,0.000026
53.381836,0.180030,0.190430,0.190430,0.000026
53.436858,0.180030,0.190354,0.190354,0.000025
53.491881,0.180030,0.190279,0.190278,0.000025
53.546903,0.180030,0.190204,0.190204,0.000025
53.601926,0.180030,0.190130,0.190129,0.000024
53.656948,0.180030,0.190056,0.190056,0.000024
53.711971,0.180030,0.189983,0.189983,0.000023
53.766993,0.180030,0.189910,0.189910,0.000023
53.822016,0.180030,0.189838,0.189838,0.000023
53.877039,0.180030,0.189767,0.189767,0.000022
53.932061,0.180030,0.189696,0.189696,0.000022
53.987084,0.180030,0.189625,0.189625,0.000022
54.042106,0.180030,0.189555,0.189555,0.000021
54.097129,0.180030,0.189486,0.189486,0.000021
54.152151,0.180030,0.189417,0.189417,0.000021
54.207174,0.180030,0.189349,0.189349,0.000020
54.262196,0.180030,0.189281,0.189281,0.000020
54.317219,0.180030,0.189213,0.189213,0.000020
54.372241,0.180030,0.189147,0.189146,0.000019
54.427264,0.180030,0.189080,0.189080,0.000019
54.482286,0.180030,0.189014,0.189014,0.000019
54.537309,0.180030,0.188949,0.188949,0.000019
54.592331,0.180030,0.188884,0.188884,0.000018
54.647354,0.180030,0.188819,0.188819,0.000018
54.702376,0.180030,0.188755,0.188755,0.000018
54.757399,0.180030,0.188692,0.188692,0.000017
54.812421,0.180030,0.188629,0.188628,0.000017
54.867444,0.180030,0.188566,0.188566,0.000017
54.922466,0.180030,0.188504,0.188504,0.000017
54.977489,0.180030,0.188442,0.188442,0.000016
55.032511,0.180030,0.188381,0.188381,0.000016
55.087534,0.180030,0.188320,0.188320,0.000016
55.142556,0.180030,0.188260,0.188260,0.000016
55.197579,0.180030,0.188200,0.188200,0.000015
55.252601,0.180030,0.188140,0.188140,0.000015
55.307624,0.180030,0.188081,0.188081,0.000015
55.362646,0.180030,0.188023,0.188023,0.000015
55.417669,0.180030,0.187965,0.187964,0.000014
55.472691,0.180030,0.187907,0.187907,0.000014
55.527714,0.180030,0.187850,0.187849,0.000014
55.582736,0.180030,0.187793,0.187793,0.000014
55.637759,0.180030,0.187736,0.187736,0.000014
55.692781,0.180030,0.187680,0.187680,0.000013
55.747804,0.180030,0.187624,0.187624,0.000013
55.802826,0.180030,0.187569,0.187569,0.000013
55.857849,0.180030,0.187514,0.187514,0.000013
55.912871,0.180030,0.187460,0.187460,0.000013
55.967894,0.180030,0.187406,0.187406,0.000012
56.022916,0.180030,0.187352,0.187352,0.000012
56.077939,0.180030,0.187299,0.187299,0.000012
56.132961,0.180030,0.187246,0.187246,0.000012
56.187984,0.180030,0.187194,0.187194,0.000012
56.243007,0.180030,0.187142,0.187141,0.000011
56.298029,0.180030,0.187090,0.187090,0.000011
56.353052,0.180030,0.187038,0.187038,0.000011
56.408074,0.180030,0.186988,0.186987,0.000011
56.463097,0.180030,0.186937,0.186937,0.000011
56.518119,0.180030,0.186887,0.186887,0.000011
56.573142,0.180030,0.186837,0.186837,0.000010
56.628164,0.180030,0.186787,0.186787,0.000010
56.683187,0.180030,0.186738,0.186738,0.000010
56.738209,0.180030,0.186690,0.186689,0.000010
56.793232,0.180030,0.186641,0.186641,0.000010
56.848254,0.180030,0.186593,0.186593,0.000010
56.903277,0.180030,0.186545,0.186545,0.000009
56.958299,0.180030,0.186498,0.186498,0.000009
57.013322,0.180030,0.186451,0.186451,0.000009
57.068344,0.180030,0.186404,0.186404,0.000009
57.123367,0.180030,0.186358,0.186358,0.000009
57.178389,0.180030,0.186312,0.186312,0.000009
57.233412,0.180030,0.186267,0.186266,0.000009
57.288434,0.180030,0.186221,0.186221,0.000008
57.343457,0.180030,0.186176,0.186176,0.000008
57.398479,0.180030,0.186132,0.186132,0.000008
57.453502,0.180030,0.186087,0.186087,0.000008
57.508524,0.180030,0.186043,0.186043,0.000008
57.563547,0.180030,0.186000,0.186000,0.000008
57.618569,0.180030,0.185956,0.185956,0.000008
57.673592,0.180030,0.185913,0.185913,0.000008
57.728614,0.180030,0.185871,0.185871,0.000007
57.783637,0.180030,0.185828,0.185828,0.000007
57.838659,0.180030,0.185786,0.185786,0.000007
57.893682,0.180030,0.185744,0.185744,0.000007
57.948704,0.180030,0.185703,0.185703,0.000007
58.003727,0.180030,0.185662,0.185662,0.000007
58.058749,0.180030,0.185621,0.185621,0.000007
58.113772,0.180030,0.185580,0.185580,0.000007
58.168794,0.180030,0.185540,0.185540,0.000007
58.223817,0.180030,0.185500,0.185500,0.000006
58.278839,0.180030,0.185460,0.185460,0.000006
58.333862,0.180030,0.185421,0.185421,0.000006
58.388884,0.180030,0.185382,0.185382,0.000006
58.443907,0.180030,0.185343,0.185343,0.000006
58.498929,0.180030,0.185304,0.185304,0.000006
58.553952,0.180030,0.185266,0.185266,0.000006
58.608974,0.180030,0.185228,0.185228,0.000006
58.663997,0.180030,0.185190,0.185190,0.000006
58.719020,0.180030,0.185153,0.185153,0.000006
58.774042,0.180030,0.185116,0.185116,0.000006
58.829065,0.180030,0.185079,0.185079,0.000005
58.884087,0.180030,0.185042,0.185042,0.000005
58.939110,0.180030,0.185006,0.185006,0.000005
58.994132,0.180030,0.184970,0.184970,0.000005
59.049155,0.180030,0.184934,0.184934,0.000005
59.104177,0.180030,0.184898,0.184898,0.000005
59.159200,0.180030,0.184863,0.184863,0.000005
59.214222,0.180030,0.184828,0.184828,0.000005
59.269245,0.180030,0.184793,0.184793,0.000005
59.324267,0.180030,0.184759,0.184759,0.000005
59.379290,0.180030,0.184725,0.184725,0.000005
59.434312,0.180030,0.184691,0.184690,0.000005
59.489335,0.180030,0.184657,0.184657,0.000005
59.544357,0.180030,0.184623,0.184623,0.000004
59.599380,0.180030,0.184590,0.184590,0.000004
59.654402,0.180030,0.184557,0.184557,0.000004
59.709425,0.180030,0.184524,0.184524,0.000004
59.764447,0.180030,0.184491,0.184491,0.000004
59.819470,0.180030,0.184459,0.184459,0.000004
59.874492,0.180030,0.184427,0.184427,0.000004
59.929515,0.180030,0.184395,0.184395,0.000004
59.984537,0.180030,0.184364,0.184364,0.000004
60.039560,0.180030,0.184332,0.184332,0.000004
60.094582,0.180030,0.184301,0.184301,0.000004
60.149605,0.180030,0.184270,0.184270,0.000004
60.204627,0.180030,0.184239,0.184239,0.000004
60.259650,0.180030,0.184209,0.184209,0.000004
60.314672,0.180030,0.184179,0.184179,0.000004
60.369695,0.180030,0.184149,0.184149,0.000004
60.424717,0.180030,0.184119,0.184119,0.000003
60.479740,0.180030,0.184089,0.184089,0.000003
60.534762,0.180030,0.184060,0.184060,0.000003
60.589785,0.180030,0.184031,0.184031,0.000003
60.644807,0.180030,0.184002,0.184002,0.000003
60.699830,0.180030,0.183973,0.183973,0.000003
60.754852,0.180030,0.183944,0.183944,0.000003
60.809875,0.180030,0.183916,0.183916,0.000003
60.864897,0.180030,0.183888,0.183888,0.000003
60.919920,0.180030,0.183860,0.183860,0.000003
60.974942,0.180030,0.183832,0.183832,0.000003
61.029965,0.180030,0.183805,0.183805,0.000003
61.084987,0.180030,0.183777,0.183777,0.000003
61.140010,0.180030,0.183750,0.183750,0.000003
61.195033,0.180030,0.183723,0.183723,0.000003
61.250055,0.180030,0.183697,0.183697,0.000003
61.305078,0.180030,0.183670,0.183670,0.000003
61.360100,0.180030,0.183644,0.183644,0.000003
61.415123,0.180030,0.183618,0.183618,0.000003
61.470145,0.180030,0.183592,0.183592,0.000003
61.525168,0.180030,0.183566,0.183566,0.000003
61.580190,0.180030,0.183540,0.183540,0.000002
61.635213,0.180030,0.183515,0.183515,0.000002
61.690235,0.180030,0.183490,0.183490,0.000002
61.745258,0.180030,0.183465,0.183465,0.000002
61.800280,0.180030,0.183440,0.183440,0.000002
61.855303,0.180030,0.183415,0.183415,0.000002
61.910325,0.180030,0.183391,0.183391,0.000002
61.965348,0.180030,0.183366,0.183366,0.000002
62.020370,0.180030,0.183342,0.183342,0.000002
62.075393,0.180030,0.183318,0.183318,0.000002
62.130415,0.180030,0.183294,0.183294,0.000002
62.185438,0.180030,0.183271,0.183271,0.000002
62.240460,0.180030,0.183247,0.183247,0.000002
62.295483,0.180030,0.183224,0.183224,0.000002
62.350505,0.180030,0.183201,0.183201,0.000002
62.405528,0.180030,0.183178,0.183178,0.000002
62.460550,0.180030,0.183155,0.183155,0.000002
62.515573,0.180030,0.183133,0.183133,0.000002
62.570595,0.180030,0.183110,0.183110,0.000002
62.625618,0.180030,0.183088,0.183088,0.000002
62.680640,0.180030,0.183066,0.183066,0.000002
62.735663,0.180030,0.183044,0.183044,0.000002
62.790685,0.180030,0.183022,0.183022,0.000002
62.845708,0.180030,0.183001,0.183001,0.000002
62.900730,0.180030,0.182979,0.182979,0.000002
62.955753,0.180030,0.182958,0.182958,0.000002
63.010775,0.180030,0.182937,0.182937,0.000002
63.065798,0.180030,0.182916,0.182916,0.000002
63.120820,0.180030,0.182895,0.182895,0.000002
63.175843,0.180030,0.182874,0.182874,0.000002
63.230865,0.180030,0.182854,0.182854,0.000002
63.285888,0.180030,0.182833,0.182833,0.000002
63.340910,0.180030,0.182813,0.182813,0.000002
63.395933,0.180030,0.182793,0.182793,0.000001
63.450955,0.180030,0.182773,0.182773,0.000001
63.505978,0.180030,0.182753,0.182753,0.000001
63.561001,0.180030,0.182733,0.182733,0.000001
63.616023,0.180030,0.182714,0.182714,0.000001
63.671046,0.180030,0.182695,0.182695,0.000001
63.726068,0.180030,0.182675,0.182675,0.000001
63.781091,0.180030,0.182656,0.182656,0.000001
63.836113,0.180030,0.182637,0.182637,0.000001
63.891136,0.180030,0.182618,0.182618,0.000001
63.946158,0.180030,0.182600,0.182600,0.000001
64.001181,0.180030,0.182581,0.182581,0.000001
64.056203,0.180030,0.182563,0.182563,0.000001
64.111226,0.180030,0.182544,0.182544,0.000001
64.166248,0.180030,0.182526,0.182526,0.000001
64.221271,0.180030,0.182508,0.182508,0.000001
64.276293,0.180030,0.182490,0.182490,0.000001
64.331316,0.180030,0.182473,0.182473,0.000001
64.386338,0.180030,0.182455,0.182455,0.000001
64.441361,0.180030,0.182438,0.182438,0.000001
64.496383,0.180030,0.182420,0.182420,0.000001
64.551406,0.180030,0.182403,0.182403,0.000001
64.606428,0.180030,0.182386,0.182386,0.000001
64.661451,0.180030,0.182369,0.182369,0.000001
64.716473,0.180030,0.182352,0.182352,0.000001
64.771496,0.180030,0.182335,0.182335,0.000001
64.826518,0.180030,0.182319,0.182319,0.000001
64.881541,0.180030,0.182302,0.182302,0.000001
64.936563,0.180030,0.182286,0.182286,0.000001
64.991586,0.180030,0.182269,0.182269,0.000001
65.046608,0.180030,0.182253,0.182253,0.000001
65.101631,0.180030,0.182237,0.182237,0.000001
65.156653,0.180030,0.182221,0.182221,0.000001
65.211676,0.180030,0.182205,0.182205,0.000001
65.266698,0.180030,0.182190,0.182190,0.000001
65.321721,0.180030,0.182174,0.182174,0.000001
65.376743,0.180030,0.182159,0.182159,0.000001
65.431766,0.180030,0.182143,0.182143,0.000001
65.486788,0.180030,0.182128,0.182128,0.000001
65.541811,0.180030,0.182113,0.182113,0.000001
65.596833,0.180030,0.182098,0.182098,0.000001
65.651856,0.180030,0.182083,0.182083,0.000001
65.706878,0.180030,0.182068,0.182068,0.000001
65.761901,0.180030,0.182054,0.182054,0.000001
65.816923,0.180030,0.182039,0.182039,0.000001
65.871946,0.180030,0.182024,0.182024,0.000001
65.926968,0.180030,0.182010,0.182010,0.000001
65.981991,0.180030,0.181996,0.181996,0.000001
66.037014,0.180030,0.181982,0.181982,0.000001
66.092036,0.180030,0.181968,0.181968,0.000001
66.147059,0.180030,0.181954,0.181954,0.000001
66.202081,0.180030,0.181940,0.181940,0.000001
66.257104,0.180030,0.181926,0.181926,0.000001
66.312126,0.180030,0.181912,0.181912,0.000001
66.367149,0.180030,0.181899,0.181899,0.000001
66.422171,0.180030,0.181885,0.181885,0.000001
66.477194,0.180030,0.181872,0.181872,0.000001
66.532216,0.180030,0.181859,0.181859,0.000001
66.587239,0.180030,0.181845,0.181845,0.000001
66.642261,0.180030,0.181832,0.181832,0.000001
66.697284,0.180030,0.181819,0.181819,0.000001
66.752306,0.180030,0.181807,0.181807,0.000001
66.807329,0.180030,0.181794,0.181794,0.000001
66.862351,0.180030,0.181781,0.181781,0.000001
66.917374,0.180030,0.181768,0.181768,0.000001
66.972396,0.180030,0.181756,0.181756,0.000001
67.027419,0.180030,0.181743,0.181743,0.000001
67.082441,0.180030,0.181731,0.181731,0.000001
67.137464,0.180030,0.181719,0.181719,0.000001
67.192486,0.180030,0.181707,0.181707,0.000001
67.247509,0.180030,0.181695,0.181695,0.000000
67.302531,0.180030,0.181683,0.181683,0.000000
67.357554,0.180030,0.181671,0.181671,0.000000
67.412576,0.180030,0.181659,0.181659,0.000000
67.467599,0.180030,0.181647,0.181647,0.000000
67.522621,0.180030,0.181636,0.181636,0.000000
67.577644,0.180030,0.181624,0.181624,0.000000
67.632666,0.180030,0.181613,0.181613,0.000000
67.687689,0.180030,0.181601,0.181601,0.000000
67.742711,0.180030,0.181590,0.181590,0.000000
67.797734,0.180030,0.181579,0.181579,0.000000
67.852756,0.180030,0.181567,0.181567,0.000000
67.907779,0.180030,0.181556,0.181556,0.000000
67.962801,0.180030,0.181545,0.181545,0.000000
68.017824,0.180030,0.181534,0.181534,0.000000
68.072846,0.180030,0.181524,0.181524,0.000000
68.127869,0.180030,0.181513,0.181513,0.000000
68.182891,0.180030,0.181502,0.181502,0.000000
68.237914,0.180030,0.181492,0.181492,0.000000
68.292936,0.180030,0.181481,0.181481,0.000000
68.347959,0.180030,0.181471,0.181471,0.000000
68.402981,0.180030,0.181460,0.181460,0.000000
68.458004,0.180030,0.181450,0.181450,0.000000
68.513027,0.180030,0.181440,0.181440,0.000000
68.568049,0.180030,0.181430,0.181430,0.000000
68.623072,0.180030,0.181420,0.181420,0.000000
68.678094,0.180030,0.181410,0.181410,0.000000
68.733117,0.180030,0.181400,0.181400,0.000000
68.788139,0.180030,0.181390,0.181390,0.000000
68.843162,0.180030,0.181380,0.181380,0.000000
68.898184,0.180030,0.181370,0.181370,0.000000
68.953207,0.180030,0.181361,0.181361,0.000000
69.008229,0.180030,0.181351,0.181351,0.000000
69.063252,0.180030,0.181342,0.181342,0.000000
69.118274,0.180030,0.181332,0.181332,0.000000
69.173297,0.180030,0.181323,0.181323,0.000000
69.228319,0.180030,0.181314,0.181314,0.000000
69.283342,0.180030,0.181304,0.181304,0.000000
69.338364,0.180030,0.181295,0.181295,0.000000
69.393387,0.180030,0.181286,0.181286,0.000000
69.448409,0.180030,0.181277,0.181277,0.000000
69.503432,0.180030,0.181268,0.181268,0.000000
69.558454,0.180030,0.181259,0.181259,0.000000
69.613477,0.180030,0.181250,0.181250,0.000000
69.668499,0.180030,0.181242,0.181242,0.000000
69.723522,0.180030,0.181233,0.181233,0.000000
69.778544,0.180030,0.181224,0.181224,0.000000
69.833567,0.180030,0.181216,0.181216,0.000000
69.888589,0.180030,0.181207,0.181207,0.000000
69.943612,0.180030,0.181199,0.181199,0.000000
69.998634,0.180030,0.181190,0.181190,0.000000
70.053657,0.180030,0.181182,0.181182,0.000000
70.108679,0.180030,0.181174,0.181174,0.000000
70.163702,0.180030,0.181165,0.181165,0.000000
70.218724,0.180030,0.181157,0.181157,0.000000
70.273747,0.180030,0.181149,0.181149,0.000000
70.328769,0.180030,0.181141,0.181141,0.000000
70.383792,0.180030,0.181133,0.181133,0.000000
70.438814,0.180030,0.181125,0.181125,0.000000
70.493837,0.180030,0.181117,0.181117,0.000000
70.548859,0.180030,0.181109,0.181109,0.000000
70.603882,0.180030,0.181102,0.181102,0.000000
70.658904,0.180030,0.181094,0.181094,0.000000
70.713927,0.180030,0.181086,0.181086,0.000000
70.768949,0.180030,0.181079,0.181079,0.000000
70.823972,0.180030,0.181071,0.181071,0.000000
70.878994,0.180030,0.181064,0.181064,0.000000
70.934017,0.180030,0.181056,0.181056,0.000000
70.989040,0.180030,0.181049,0.181049,0.000000
71.044062,0.180030,0.181042,0.181042,0.000000
71.099085,0.180030,0.181034,0.181034,0.000000
71.154107,0.180030,0.181027,0.181027,0.000000
71.209130,0.180030,0.181020,0.181020,0.000000
71.264152,0.180030,0.181013,0.181013,0.000000
71.319175,0.180030,0.181006,0.181006,0.000000
71.374197,0.180030,0.180999,0.180999,0.000000
71.429220,0.180030,0.180992,0.180992,0.000000
71.484242,0.180030,0.180985,0.180985,0.000000
71.539265,0.180030,0.180978,0.180978,0.000000
71.594287,0.180030,0.180971,0.180971,0.000000
71.649310,0.180030,0.180965,0.180965,0.000000
71.704332,0.180030,0.180958,0.180958,0.000000
71.759355,0.180030,0.180951,0.180951,0.000000
71.814377,0.180030,0.180945,0.180945,0.000000
71.869400,0.180030,0.180938,0.180938,0.000000
71.924422,0.180030,0.180932,0.180932,0.000000
71.979445,0.180030,0.180925,0.180925,0.000000
72.034467,0.180030,0.180919,0.180919,0.000000
72.089490,0.180030,0.180912,0.180912,0.000000
72.144512,0.180030,0.180906,0.180906,0.000000
72.199535,0.180030,0.180900,0.180900,0.000000
72.254557,0.180030,0.180893,0.180893,0.000000
72.309580,0.180030,0.180887,0.180887,0.000000
72.364602,0.180030,0.180881,0.180881,0.000000
72.419625,0.180030,0.180875,0.180875,0.000000
72.474647,0.180030,0.180869,0.180869,0.000000
72.529670,0.180030,0.180863,0.180863,0.000000
72.584692,0.180030,0.180857,0.180857,0.000000
72.639715,0.180030,0.180851,0.180851,0.000000
72.694737,0.180030,0.180845,0.180845,0.000000
72.749760,0.180030,0.180839,0.180839,0.000000
72.804782,0.180030,0.180833,0.180833,0.000000
72.859805,0.180030,0.180828,0.180828,0.000000
72.914827,0.180030,0.180822,0.180822,0.000000
72.969850,0.180030,0.180816,0.180816,0.000000
73.024872,0.180030,0.180811,0.180811,0.000000
73.079895,0.180030,0.180805,0.180805,0.000000
73.134917,0.180030,0.180799,0.180799,0.000000
73.189940,0.180030,0.180794,0.180794,0.000000
73.244962,0.180030,0.180788,0.180788,0.000000
73.299985,0.180030,0.180783,0.180783,0.000000
73.355008,0.180030,0.180778,0.180778,0.000000
73.410030,0.180030,0.180772,0.180772,0.000000
73.465053,0.180030,0.180767,0.180767,0.000000
73.520075,0.180030,0.180762,0.180762,0.000000
73.575098,0.180030,0.180756,0.180756,0.000000
73.630120,0.180030,0.180751,0.180751,0.000000
73.685143,0.180030,0.180746,0.180746,0.000000
73.740165,0.180030,0.180741,0.180741,0.000000
73.795188,0.180030,0.180736,0.180736,0.000000
73.850210,0.180030,0.180731,0.180731,0.000000
73.905233,0.180030,0.180726,0.180726,0.000000
73.960255,0.180030,0.180721,0.180721,0.000000
74.015278,0.180030,0.180716,0.180716,0.000000
74.070300,0.180030,0.180711,0.180711,0.000000
74.125323,0.180030,0.180706,0.180706,0.000000
74.180345,0.180030,0.180701,0.180701,0.000000
74.235368,0.180030,0.180696,0.180696,0.000000
74.290390,0.180030,0.180692,0.180692,0.000000
74.345413,0.180030,0.180687,0.180687,0.000000
74.400435,0.180030,0.180682,0.180682,0.000000
74.455458,0.180030,0.180677,0.180677,0.000000
74.510480,0.180030,0.180673,0.180673,0.000000
74.565503,0.180030,0.180668,0.180668,0.000000
74.620525,0.180030,0.180664,0.180664,0.000000
74.675548,0.180030,0.180659,0.180659,0.000000
74.730570,0.180030,0.180655,0.180655,0.000000
74.785593,0.180030,0.180650,0.180650,0.000000
74.840615,0.180030,0.180646,0.180646,0.000000
74.895638,0.180030,0.180641,0.180641,0.000000
74.950660,0.180030,0.180637,0.180637,0.000000
75.005683,0.180030,0.180632,0.180632,0.000000
75.060705,0.180030,0.180628,0.180628,0.000000
75.115728,0.180030,0.180624,0.180624,0.000000
75.170750,0.180030,0.180620,0.180620,0.000000
75.225773,0.180030,0.180615,0.180615,0.000000
75.280795,0.180030,0.180611,0.180611,0.000000
75.335818,0.180030,0.180607,0.180607,0.000000
75.390840,0.180030,0.180603,0.180603,0.000000
75.445863,0.180030,0.180599,0.180599,0.000000
75.500885,0.180030,0.180595,0.180595,0.000000
75.555908,0.180030,0.180591,0.180591,0.000000
75.610930,0.180030,0.180587,0.180587,0.000000
75.665953,0.180030,0.180583,0.180583,0.000000
75.720975,0.180030,0.180579,0.180579,0.000000
75.775998,0.180030,0.180575,0.180575,0.000000
75.831021,0.180030,0.180571,0.180571,0.000000
75.886043,0.180030,0.180567,0.180567,0.000000
75.941066,0.180030,0.180563,0.180563,0.000000
75.996088,0.180030,0.180559,0.180559,0.000000
76.051111,0.180030,0.180556,0.180556,0.000000
76.106133,0.180030,0.180552,0.180552,0.000000
76.161156,0.180030,0.180548,0.180548,0.000000
76.216178,0.180030,0.180544,0.180544,0.000000
76.271201,0.180030,0.180541,0.180541,0.000000
76.326223,0.180030,0.180537,0.180537,0.000000
76.381246,0.180030,0.180533,0.180533,0.000000
76.436268,0.180030,0.180530,0.180530,0.000000
76.491291,0.180030,0.180526,0.180526,0.000000
76.546313,0.180030,0.180523,0.180523,0.000000
76.601336,0.180030,0.180519,0.180519,0.000000
76.656358,0.180030,0.180516,0.180516,0.000000
76.711381,0.180030,0.180512,0.180512,0.000000
76.766403,0.180030,0.180509,0.180509,0.000000
76.821426,0.180030,0.180505,0.180505,0.000000
76.876448,0.180030,0.180502,0.180502,0.000000
76.931471,0.180030,0.180499,0.180499,0.000000
76.986493,0.180030,0.180495,0.180495,0.000000
77.041516,0.180030,0.180492,0.180492,0.000000
77.096538,0.180030,0.180489,0.180489,0.000000
77.151561,0.180030,0.180485,0.180485,0.000000
77.206583,0.180030,0.180482,0.180482,0.000000
77.261606,0.180030,0.180479,0.180479,0.000000
77.316628,0.180030,0.180476,0.180476,0.000000
77.371651,0.180030,0.180472,0.180472,0.000000
77.426673,0.180030,0.180469,0.180469,0.000000
77.481696,0.180030,0.180466,0.180466,0.000000
77.536718,0.180030,0.180463,0.180463,0.000000
77.591741,0.180030,0.180460,0.180460,0.000000
77.646763,0.180030,0.180457,0.180457,0.000000
77.701786,0.180030,0.180454,0.180454,0.000000
77.756808,0.180030,0.180451,0.180451,0.000000
77.811831,0.180030,0.180448,0.180448,0.000000
77.866853,0.180030,0.180445,0.180445,0.000000
77.921876,0.180030,0.180442,0.180442,0.000000
77.976898,0.180030,0.180439,0.180439,0.000000
78.031921,0.180030,0.180436,0.180436,0.000000
78.086943,0.180030,0.180433,0.180433,0.000000
78.141966,0.180030,0.180430,0.180430,0.000000
78.196988,0.180030,0.180427,0.180427,0.000000
78.252011,0.180030,0.180424,0.180424,0.000000
78.307034,0.180030,0.180422,0.180422,0.000000
78.362056,0.180030,0.180419,0.180419,0.000000
78.417079,0.180030,0.180416,0.180416,0.000000
78.472101,0.180030,0.180413,0.180413,0.000000
78.527124,0.180030,0.180410,0.180410,0.000000
78.582146,0.180030,0.180408,0.180408,0.000000
78.637169,0.180030,0.180405,0.180405,0.000000
78.692191,0.180030,0.180402,0.180402,0.000000
78.747214,0.180030,0.180400,0.180400,0.000000
78.802236,0.180030,0.180397,0.180397,0.000000
78.857259,0.180030,0.180394,0.180394,0.000000
78.912281,0.180030,0.180392,0.180392,0.000000
78.967304,0.180030,0.180389,0.180389,0.000000
79.022326,0.180030,0.180387,0.180387,0.000000
79.077349,0.180030,0.180384,0.180384,0.000000
79.132371,0.180030,0.180382,0.180382,0.000000
79.187394,0.180030,0.180379,0.180379,0.000000
79.242416,0.180030,0.180377,0.180377,0.000000
79.297439,0.180030,0.180374,0.180374,0.000000
79.352461,0.180030,0.180372,0.180372,0.000000
79.407484,0.180030,0.180369,0.180369,0.000000
79.462506,0.180030,0.180367,0.180367,0.000000
79.517529,0.180030,0.180364,0.180364,0.000000
79.572551,0.180030,0.180362,0.180362,0.000000
79.627574,0.180030,0.180360,0.180360,0.000000
79.682596,0.180030,0.180357,0.180357,0.000000
79.737619,0.180030,0.180355,0.180355,0.000000
79.792641,0.180030,0.180353,0.180353,0.000000
79.847664,0.180030,0.180350,0.180350,0.000000
79.902686,0.180030,0.180348,0.180348,0.000000
79.957709,0.180030,0.180346,0.180346,0.000000
80.012731,0.180030,0.180343,0.180343,0.000000
80.067754,0.180030,0.180341,0.180341,0.000000
80.122776,0.180030,0.180339,0.180339,0.000000
80.177799,0.180030,0.180337,0.180337,0.000000
80.232821,0.180030,0.180335,0.180335,0.000000
80.287844,0.180030,0.180332,0.180332,0.000000
80.342866,0.180030,0.180330,0.180330,0.000000
80.397889,0.180030,0.180328,0.180328,0.000000
80.452911,0.180030,0.180326,0.180326,0.000000
80.507934,0.180030,0.180324,0.180324,0.000000
80.562956,0.180030,0.180322,0.180322,0.000000
80.617979,0.180030,0.180320,0.180320,0.000000
80.673002,0.180030,0.180318,0.180318,0.000000
80.728024,0.180030,0.180316,0.180316,0.000000
80.783047,0.180030,0.180314,0.180314,0.000000
80.838069,0.180030,0.180312,0.180312,0.000000
80.893092,0.180030,0.180310,0.180310,0.000000
80.948114,0.180030,0.180308,0.180308,0.000000
81.003137,0.180030,0.180306,0.180306,0.000000
81.058159,0.180030,0.180304,0.180304,0.000000
81.113182,0.180030,0.180302,0.180302,0.000000
81.168204,0.180030,0.180300,0.180300,0.000000
81.223227,0.180030,0.180298,0.180298,0.000000
81.278249,0.180030,0.180296,0.180296,0.000000
81.333272,0.180030,0.180294,0.180294,0.000000
81.388294,0.180030,0.180292,0.180292,0.000000
81.443317,0.180030,0.180290,0.180290,0.000000
81.498339,0.180030,0.180288,0.180288,0.000000
81.553362,0.180030,0.180287,0.180287,0.000000
81.608384,0.180030,0.180285,0.180285,0.000000
81.663407,0.180030,0.180283,0.180283,0.000000
81.718429,0.180030,0.180281,0.180281,0.000000
81.773452,0.180030,0.180279,0.180279,0.000000
81.828474,0.180030,0.180277,0.180277,0.000000
81.883497,0.180030,0.180276,0.180276,0.000000
81.938519,0.180030,0.180274,0.180274,0.000000
81.993542,0.180030,0.180272,0.180272,0.000000
82.048564,0.180030,0.180270,0.180270,0.000000
82.103587,0.180030,0.180269,0.180269,0.000000
82.158609,0.180030,0.180267,0.180267,0.000000
82.213632,0.180030,0.180265,0.180265,0.000000
82.268654,0.180030,0.180264,0.180264,0.000000
82.323677,0.180030,0.180262,0.180262,0.000000
82.378699,0.180030,0.180260,0.180260,0.000000
82.433722,0.180030,0.180259,0.180259,0.000000
82.488744,0.180030,0.180257,0.180257,0.000000
82.543767,0.180030,0.180255,0.180255,0.000000
82.598789,0.180030,0.180254,0.180254,0.000000
82.653812,0.180030,0.180252,0.180252,0.000000
82.708834,0.180030,0.180251,0.180251,0.000000
82.763857,0.180030,0.180249,0.180249,0.000000
82.818879,0.180030,0.180248,0.180248,0.000000
82.873902,0.180030,0.180246,0.180246,0.000000
82.928924,0.180030,0.180244,0.180244,0.000000
82.983947,0.180030,0.180243,0.180243,0.000000
83.038969,0.180030,0.180241,0.180241,0.000000
83.093992,0.180030,0.180240,0.180240,0.000000
83.149015,0.180030,0.180238,0.180238,0.000000
83.204037,0.180030,0.180237,0.180237,0.000000
83.259060,0.180030,0.180235,0.180235,0.000000
83.314082,0.180030,0.180234,0.180234,0.000000
83.369105,0.180030,0.180233,0.180233,0.000000
83.424127,0.180030,0.180231,0.180231,0.000000
83.479150,0.180030,0.180230,0.180230,0.000000
83.534172,0.180030,0.180228,0.180228,0.000000
83.589195,0.180030,0.180227,0.180227,0.000000
83.644217,0.180030,0.180225,0.180225,0.000000
83.699240,0.180030,0.180224,0.180224,0.000000
83.754262,0.180030,0.180223,0.180223,0.000000
83.809285,0.180030,0.180221,0.180221,0.000000
83.864307,0.180030,0.180220,0.180220,0.000000
83.919330,0.180030,0.180219,0.180219,0.000000
83.974352,0.180030,0.180217,0.180217,0.000000
84.029375,0.180030,0.180216,0.180216,0.000000
84.084397,0.180030,0.180215,0.180215,0.000000
84.139420,0.180030,0.180213,0.180213,0.000000
84.194442,0.180030,0.180212,0.180212,0.000000
84.249465,0.180030,0.180211,0.180211,0.000000
84.304487,0.180030,0.180209,0.180209,0.000000
84.359510,0.180030,0.180208,0.180208,0.000000
84.414532,0.180030,0.180207,0.180207,0.000000
84.469555,0.180030,0.180206,0.180206,0.000000
84.524577,0.180030,0.180204,0.180204,0.000000
84.579600,0.180030,0.180203,0.180203,0.000000
84.634622,0.180030,0.180202,0.180202,0.000000
84.689645,0.180030,0.180201,0.180201,0.000000
84.744667,0.180030,0.180199,0.180199,0.000000
84.799690,0.180030,0.180198,0.180198,0.000000
84.854712,0.180030,0.180197,0.180197,0.000000
84.909735,0.180030,0.180196,0.180196,0.000000
84.964757,0.180030,0.180195,0.180195,0.000000
85.019780,0.180030,0.180193,0.180193,0.000000
85.074802,0.180030,0.180192,0.180192,0.000000
85.129825,0.180030,0.180191,0.180191,0.000000
85.184847,0.180030,0.180190,0.180190,0.000000
85.239870,0.180030,0.180189,0.180189,0.000000
85.294892,0.180030,0.180188,0.180188,0.000000
85.349915,0.180030,0.180187,0.180187,0.000000
85.404937,0.180030,0.180185,0.180185,0.000000
85.459960,0.180030,0.180184,0.180184,0.000000
85.514982,0.180030,0.180183,0.180183,0.000000
85.570005,0.180030,0.180182,0.180182,0.000000
85.625028,0.180030,0.180181,0.180181,0.000000
85.680050,0.180030,0.180180,0.180180,0.000000
85.735073,0.180030,0.180179,0.180179,0.000000
85.790095,0.180030,0.180178,0.180178,0.000000
85.845118,0.180030,0.180177,0.180177,0.000000
85.900140,0.180030,0.180176,0.180176,0.000000
85.955163,0.180030,0.180175,0.180175,0.000000
86.010185,0.180030,0.180174,0.180174,0.000000
86.065208,0.180030,0.180173,0.180173,0.000000
86.120230,0.180030,0.180172,0.180172,0.000000
86.175253,0.180030,0.180171,0.180171,0.000000
86.230275,0.180030,0.180170,0.180170,0.000000
86.285298,0.180030,0.180169,0.180169,0.000000
86.340320,0.180030,0.180168,0.180168,0.000000
86.395343,0.180030,0.180167,0.180167,0.000000
86.450365,0.180030,0.180166,0.180166,0.000000
86.505388,0.180030,0.180165,0.180165,0.000000
86.560410,0.180030,0.180164,0.180164,0.000000
86.615433,0.180030,0.180163,0.180163,0.000000
86.670455,0.180030,0.180162,0.180162,0.000000
86.725478,0.180030,0.180161,0.180161,0.000000
86.780500,0.180030,0.180160,0.180160,0.000000
86.835523,0.180030,0.180159,0.180159,0.000000
86.890545,0.180030,0.180158,0.180158,0.000000
86.945568,0.180030,0.180157,0.180157,0.000000
87.000590,0.180030,0.180156,0.180156,0.000000
87.055613,0.180030,0.180155,0.180155,0.000000
87.110635,0.180030,0.180155,0.180155,0.000000
87.165658,0.180030,0.180154,0.180154,0.000000
87.220680,0.180030,0.180153,0.180153,0.000000
87.275703,0.180030,0.180152,0.180152,0.000000
87.330725,0.180030,0.180151,0.180151,0.000000
87.385748,0.180030,0.180150,0.180150,0.000000
87.440770,0.180030,0.180149,0.180149,0.000000
87.495793,0.180030,0.180148,0.180148,0.000000
87.550815,0.180030,0.180148,0.180148,0.000000
87.605838,0.180030,0.180147,0.180147,0.000000
87.660860,0.180030,0.180146,0.180146,0.000000
87.715883,0.180030,0.180145,0.180145,0.000000
87.770905,0.180030,0.180144,0.180144,0.000000
87.825928,0.180030,0.180144,0.180144,0.000000
87.880950,0.180030,0.180143,0.180143,0.000000
87.935973,0.180030,0.180142,0.180142,0.000000
87.990995,0.180030,0.180141,0.180141,0.000000
88.046018,0.180030,0.180140,0.180140,0.000000
88.101041,0.180030,0.180140,0.180140,0.000000
88.156063,0.180030,0.180139,0.180139,0.000000
88.211086,0.180030,0.180138,0.180138,0.000000
88.266108,0.180030,0.180137,0.180137,0.000000
88.321131,0.180030,0.180136,0.180136,0.000000
88.376153,0.180030,0.180136,0.180136,0.000000
88.431176,0.180030,0.180135,0.180135,0.000000
88.486198,0.180030,0.180134,0.180134,0.000000
88.541221,0.180030,0.180133,0.180133,0.000000
88.596243,0.180030,0.180133,0.180133,0.000000
88.651266,0.180030,0.180132,0.180132,0.000000
88.706288,0.180030,0.180131,0.180131,0.000000
88.761311,0.180030,0.180131,0.180131,0.000000
88.816333,0.180030,0.180130,0.180130,0.000000
88.871356,0.180030,0.180129,0.180129,0.000000
88.926378,0.180030,0.180128,0.180128,0.000000
88.981401,0.180030,0.180128,0.180128,0.000000
89.036423,0.180030,0.180127,0.180127,0.000000
89.091446,0.180030,0.180126,0.180126,0.000000
89.146468,0.180030,0.180126,0.180126,0.000000
89.201491,0.180030,0.180125,0.180125,0.000000
89.256513,0.180030,0.180124,0.180124,0.000000
89.311536,0.180030,0.180124,0.180124,0.000000
89.366558,0.180030,0.180123,0.180123,0.000000
89.421581,0.180030,0.180122,0.180122,0.000000
89.476603,0.180030,0.180122,0.180122,0.000000
89.531626,0.180030,0.180121,0.180121,0.000000
89.586648,0.180030,0.180120,0.180120,0.000000
89.641671,0.180030,0.180120,0.180120,0.000000
89.696693,0.180030,0.180119,0.180119,0.000000
89.751716,0.180030,0.180118,0.180118,0.000000
89.806738,0.180030,0.180118,0.180118,0.000000
89.861761,0.180030,0.180117,0.180117,0.000000
89.916783,0.180030,0.180117,0.180117,0.000000
89.971806,0.180030,0.180116,0.180116,0.000000
90.026828,0.180030,0.180115,0.180115,0.000000
90.081851,0.180030,0.180115,0.180115,0.000000
90.136873,0.180030,0.180114,0.180114,0.000000
90.191896,0.180030,0.180114,0.180114,0.000000
90.246918,0.180030,0.180113,0.180113,0.000000
90.301941,0.180030,0.180112,0.180112,0.000000
90.356963,0.180030,0.180112,0.180112,0.000000
90.411986,0.180030,0.180111,0.180111,0.000000
90.467009,0.180030,0.180111,0.180111,0.000000
90.522031,0.180030,0.180110,0.180110,0.000000
90.577054,0.180030,0.180109,0.180109,0.000000
90.632076,0.180030,0.180109,0.180109,0.000000
90.687099,0.180030,0.180108,0.180108,0.000000
90.742121,0.180030,0.180108,0.180108,0.000000
90.797144,0.180030,0.180107,0.180107,0.000000
90.852166,0.180030,0.180107,0.180107,0.000000
90.907189,0.180030,0.180106,0.180106,0.000000
90.962211,0.180030,0.180106,0.180106,0.000000
91.017234,0.180030,0.180105,0.180105,0.000000
91.072256,0.180030,0.180105,0.180105,0.000000
91.127279,0.180030,0.180104,0.180104,0.000000
91.182301,0.180030,0.180103,0.180103,0.000000
91.237324,0.180030,0.180103,0.180103,0.000000
91.292346,0.180030,0.180102,0.180102,0.000000
91.347369,0.180030,0.180102,0.180102,0.000000
91.402391,0.180030,0.180101,0.180101,0.000000
91.457414,0.180030,0.180101,0.180101,0.000000
91.512436,0.180030,0.180100,0.180100,0.000000
91.567459,0.180030,0.180100,0.180100,0.000000
91.622481,0.180030,0.180099,0.180099,0.000000
91.677504,0.180030,0.180099,0.180099,0.000000
91.732526,0.180030,0.180098,0.180098,0.000000
91.787549,0.180030,0.180098,0.180098,0.000000
91.842571,0.180030,0.180097,0.180097,0.000000
91.897594,0.180030,0.180097,0.180097,0.000000
91.952616,0.180030,0.180096,0.180096,0.000000
92.007639,0.180030,0.180096,0.180096,0.000000
92.062661,0.180030,0.180096,0.180096,0.000000
92.117684,0.180030,0.180095,0.180095,0.000000
92.172706,0.180030,0.180095,0.180095,0.000000
92.227729,0.180030,0.180094,0.180094,0.000000
92.282751,0.180030,0.180094,0.180094,0.000000
92.337774,0.180030,0.180093,0.180093,0.000000
92.392796,0.180030,0.180093,0.180093,0.000000
92.447819,0.180030,0.180092,0.180092,0.000000
92.502841,0.180030,0.180092,0.180092,0.000000
92.557864,0.180030,0.180091,0.180091,0.000000
92.612886,0.180030,0.180091,0.180091,0.000000
92.667909,0.180030,0.180091,0.180091,0.000000
92.722931,0.180030,0.180090,0.180090,0.000000
92.777954,0.180030,0.180090,0.180090,0.000000
92.832976,0.180030,0.180089,0.180089,0.000000
92.887999,0.180030,0.180089,0.180089,0.000000
92.943022,0.180030,0.180088,0.180088,0.000000
92.998044,0.180030,0.180088,0.180088,0.000000
93.053067,0.180030,0.180088,0.180088,0.000000
93.108089,0.180030,0.180087,0.180087,0.000000
93.163112,0.180030,0.180087,0.180087,0.000000
93.218134,0.180030,0.180086,0.180086,0.000000
93.273157,0.180030,0.180086,0.180086,0.000000
93.328179,0.180030,0.180086,0.180086,0.000000
93.383202,0.180030,0.180085,0.180085,0.000000
93.438224,0.180030,0.180085,0.180085,0.000000
93.493247,0.180030,0.180084,0.180084,0.000000
93.548269,0.180030,0.180084,0.180084,0.000000
93.603292,0.180030,0.180084,0.180084,0.000000
93.658314,0.180030,0.180083,0.180083,0.000000
93.713337,0.180030,0.180083,0.180083,0.000000
93.768359,0.180030,0.180083,0.180083,0.000000
93.823382,0.180030,0.180082,0.180082,0.000000
93.878404,0.180030,0.180082,0.180082,0.000000
93.933427,0.180030,0.180081,0.180081,0.000000
93.988449,0.180030,0.180081,0.180081,0.000000
94.043472,0.180030,0.180081,0.180081,0.000000
94.098494,0.180030,0.180080,0.180080,0.000000
94.153517,0.180030,0.180080,0.180080,0.000000
94.208539,0.180030,0.180080,0.180080,0.000000
94.263562,0.180030,0.180079,0.180079,0.000000
94.318584,0.180030,0.180079,0.180079,0.000000
94.373607,0.180030,0.180079,0.180079,0.000000
94.428629,0.180030,0.180078,0.180078,0.000000
94.483652,0.180030,0.180078,0.180078,0.000000
94.538674,0.180030,0.180078,0.180078,0.000000
94.593697,0.180030,0.180077,0.180077,0.000000
94.648719,0.180030,0.180077,0.180077,0.000000
94.703742,0.180030,0.180077,0.180077,0.000000
94.758764,0.180030,0.180076,0.180076,0.000000
94.813787,0.180030,0.180076,0.180076,0.000000
94.868809,0.180030,0.180076,0.180076,0.000000
94.923832,0.180030,0.180075,0.180075,0.000000
94.978854,0.180030,0.180075,0.180075,0.000000
95.033877,0.180030,0.180075,0.180075,0.000000
95.088899,0.180030,0.180074,0.180074,0.000000
95.143922,0.180030,0.180074,0.180074,0.000000
95.198944,0.180030,0.180074,0.180074,0.000000
95.253967,0.180030,0.180073,0.180073,0.000000
95.308989,0.180030,0.180073,0.180073,0.000000
95.364012,0.180030,0.180073,0.180073,0.000000
95.419035,0.180030,0.180072,0.180072,0.000000
95.474057,0.180030,0.180072,0.180072,0.000000
95.529080,0.180030,0.180072,0.180072,0.000000
95.584102,0.180030,0.180072,0.180072,0.000000
95.639125,0.180030,0.180071,0.180071,0.000000
95.694147,0.180030,0.180071,0.180071,0.000000
95.749170,0.180030,0.180071,0.180071,0.000000
95.804192,0.180030,0.180070,0.180070,0.000000
95.859215,0.180030,0.180070,0.180070,0.000000
95.914237,0.180030,0.180070,0.180070,0.000000
95.969260,0.180030,0.180070,0.180070,0.000000
96.024282,0.180030,0.180069,0.180069,0.000000
96.079305,0.180030,0.180069,0.180069,0.000000
96.134327,0.180030,0.180069,0.180069,0.000000
96.189350,0.180030,0.180068,0.180068,0.000000
96.244372,0.180030,0.180068,0.180068,0.000000
96.299395,0.180030,0.180068,0.180068,0.000000
96.354417,0.180030,0.180068,0.180068,0.000000
96.409440,0.180030,0.180067,0.180067,0.000000
96.464462,0.180030,0.180067,0.180067,0.000000
96.519485,0.180030,0.180067,0.180067,0.000000
96.574507,0.180030,0.180067,0.180067,0.000000
96.629530,0.180030,0.180066,0.180066,0.000000
96.684552,0.180030,0.180066,0.180066,0.000000
96.739575,0.180030,0.180066,0.180066,0.000000
96.794597,0.180030,0.180066,0.180066,0.000000
96.849620,0.180030,0.180065,0.180065,0.000000
96.904642,0.180030,0.180065,0.180065,0.000000
96.959665,0.180030,0.180065,0.180065,0.000000
97.014687,0.180030,0.180065,0.180065,0.000000
97.069710,0.180030,0.180064,0.180064,0.000000
97.124732,0.180030,0.180064,0.180064,0.000000
97.179755,0.180030,0.180064,0.180064,0.000000
97.234777,0.180030,0.180064,0.180064,0.000000
97.289800,0.180030,0.180063,0.180063,0.000000
97.344822,0.180030,0.180063,0.180063,0.000000
97.399845,0.180030,0.180063,0.180063,0.000000
97.454867,0.180030,0.180063,0.180063,0.000000
97.509890,0.180030,0.180062,0.180062,0.000000
97.564912,0.180030,0.180062,0.180062,0.000000
97.619935,0.180030,0.180062,0.180062,0.000000
97.674957,0.180030,0.180062,0.180062,0.000000
97.729980,0.180030,0.180061,0.180061,0.000000
97.785003,0.180030,0.180061,0.180061,0.000000
97.840025,0.180030,0.180061,0.180061,0.000000
97.895048,0.180030,0.180061,0.180061,0.000000
97.950070,0.180030,0.180061,0.180061,0.000000
98.005093,0.180030,0.180060,0.180060,0.000000
98.060115,0.180030,0.180060,0.180060,0.000000
98.115138,0.180030,0.180060,0.180060,0.000000
98.170160,0.180030,0.180060,0.180060,0.000000
98.225183,0.180030,0.180060,0.180060,0.000000
98.280205,0.180030,0.180059,0.180059,0.000000
98.335228,0.180030,0.180059,0.180059,0.000000
98.390250,0.180030,0.180059,0.180059,0.000000
98.445273,0.180030,0.180059,0.180059,0.000000
98.500295,0.180030,0.180058,0.180058,0.000000
98.555318,0.180030,0.180058,0.180058,0.000000
98.610340,0.180030,0.180058,0.180058,0.000000
98.665363,0.180030,0.180058,0.180058,0.000000
98.720385,0.180030,0.180058,0.180058,0.000000
98.775408,0.180030,0.180057,0.180057,0.000000
98.830430,0.180030,0.180057,0.180057,0.000000
98.885453,0.180030,0.180057,0.180057,0.000000
98.940475,0.180030,0.180057,0.180057,0.000000
98.995498,0.180030,0.180057,0.180057,0.000000
99.050520,0.180030,0.180057,0.180057,0.000000
99.105543,0.180030,0.180056,0.180056,0.000000
99.160565,0.180030,0.180056,0.180056,0.000000
99.215588,0.180030,0.180056,0.180056,0.000000
99.270610,0.180030,0.180056,0.180056,0.000000
99.325633,0.180030,0.180056,0.180056,0.000000
99.380655,0.180030,0.180055,0.180055,0.000000
99.435678,0.180030,0.180055,0.180055,0.000000
99.490700,0.180030,0.180055,0.180055,0.000000
99.545723,0.180030,0.180055,0.180055,0.000000
99.600745,0.180030,0.180055,0.180055,0.000000
99.655768,0.180030,0.180055,0.180055,0.000000
99.710790,0.180030,0.180054,0.180054,0.000000
99.765813,0.180030,0.180054,0.180054,0.000000
99.820835,0.180030,0.180054,0.180054,0.000000
99.875858,0.180030,0.180054,0.180054,0.000000
99.930880,0.180030,0.180054,0.180054,0.000000
99.985903,0.180030,0.180054,0.180054,0.000000
100.040925,0.180030,0.180053,0.180053,0.000000
100.095948,0.180030,0.180053,0.180053,0.000000
100.150970,0.180030,0.180053,0.180053,0.000000
100.205993,0.180030,0.180053,0.180053,0.000000
100.261016,0.180030,0.180053,0.180053,0.000000
100.316038,0.180030,0.180053,0.180053,0.000000
100.371061,0.180030,0.180052,0.180052,0.000000
100.426083,0.180030,0.180052,0.180052,0.000000
100.481106,0.180030,0.180052,0.180052,0.000000
100.536128,0.180030,0.180052,0.180052,0.000000
100.591151,0.180030,0.180052,0.180052,0.000000
100.646173,0.180030,0.180052,0.180052,0.000000
100.701196,0.180030,0.180051,0.180051,0.000000
100.756218,0.180030,0.180051,0.180051,0.000000
100.811241,0.180030,0.180051,0.180051,0.000000
100.866263,0.180030,0.180051,0.180051,0.000000
100.921286,0.180030,0.180051,0.180051,0.000000
100.976308,0.180030,0.180051,0.180051,0.000000
101.031331,0.180030,0.180051,0.180051,0.000000
101.086353,0.180030,0.180050,0.180050,0.000000
101.141376,0.180030,0.180050,0.180050,0.000000
101.196398,0.180030,0.180050,0.180050,0.000000
101.251421,0.180030,0.180050,0.180050,0.000000
101.306443,0.180030,0.180050,0.180050,0.000000
101.361466,0.180030,0.180050,0.180050,0.000000
101.416488,0.180030,0.180050,0.180050,0.000000
101.471511,0.180030,0.180049,0.180049,0.000000
101.526533,0.180030,0.180049,0.180049,0.000000
101.581556,0.180030,0.180049,0.180049,0.000000
101.636578,0.180030,0.180049,0.180049,0.000000
101.691601,0.180030,0.180049,0.180049,0.000000
101.746623,0.180030,0.180049,0.180049,0.000000
101.801646,0.180030,0.180049,0.180049,0.000000
101.856668,0.180030,0.180048,0.180048,0.000000
101.911691,0.180030,0.180048,0.180048,0.000000
101.966713,0.180030,0.180048,0.180048,0.000000
102.021736,0.180030,0.180048,0.180048,0.000000
102.076758,0.180030,0.180048,0.180048,0.000000
102.131781,0.180030,0.180048,0.180048,0.000000
102.186803,0.180030,0.180048,0.180048,0.000000
102.241826,0.180030,0.180048,0.180048,0.000000
102.296848,0.180030,0.180047,0.180047,0.000000
102.351871,0.180030,0.180047,0.180047,0.000000
102.406893,0.180030,0.180047,0.180047,0.000000
102.461916,0.180030,0.180047,0.180047,0.000000
102.516938,0.180030,0.180047,0.180047,0.000000
102.571961,0.180030,0.180047,0.180047,0.000000
102.626983,0.180030,0.180047,0.180047,0.000000
102.682006,0.180030,0.180047,0.180047,0.000000
102.737029,0.180030,0.180046,0.180046,0.000000
102.792051,0.180030,0.180046,0.180046,0.000000
102.847074,0.180030,0.180046,0.180046,0.000000
102.902096,0.180030,0.180046,0.180046,0.000000
102.957119,0.180030,0.180046,0.180046,0.000000
103.012141,0.180030,0.180046,0.180046,0.000000
103.067164,0.180030,0.180046,0.180046,0.000000
103.122186,0.180030,0.180046,0.180046,0.000000
103.177209,0.180030,0.180046,0.180046,0.000000
103.232231,0.180030,0.180045,0.180045,0.000000
103.287254,0.180030,0.180045,0.180045,0.000000
103.342276,0.180030,0.180045,0.180045,0.000000
103.397299,0.180030,0.180045,0.180045,0.000000
103.452321,0.180030,0.180045,0.180045,0.000000
103.507344,0.180030,0.180045,0.180045,0.000000
103.562366,0.180030,0.180045,0.180045,0.000000
103.617389,0.180030,0.180045,0.180045,0.000000
103.672411,0.180030,0.180045,0.180045,0.000000
103.727434,0.180030,0.180045,0.180045,0.000000
103.782456,0.180030,0.180044,0.180044,0.000000
103.837479,0.180030,0.180044,0.180044,0.000000
103.892501,0.180030,0.180044,0.180044,0.000000
103.947524,0.180030,0.180044,0.180044,0.000000
104.002546,0.180030,0.180044,0.180044,0.000000
104.057569,0.180030,0.180044,0.180044,0.000000
104.112591,0.180030,0.180044,0.180044,0.000000
104.167614,0.180030,0.180044,0.180044,0.000000
104.222636,0.180030,0.180044,0.180044,0.000000
104.277659,0.180030,0.180044,0.180044,0.000000
104.332681,0.180030,0.180043,0.180043,0.000000
104.387704,0.180030,0.180043,0.180043,0.000000
104.442726,0.180030,0.180043,0.180043,0.000000
104.497749,0.180030,0.180043,0.180043,0.000000
104.552771,0.180030,0.180043,0.180043,0.000000
104.607794,0.180030,0.180043,0.180043,0.000000
104.662816,0.180030,0.180043,0.180043,0.000000
104.717839,0.180030,0.180043,0.180043,0.000000
104.772861,0.180030,0.180043,0.180043,0.000000
104.827884,0.180030,0.180043,0.180043,0.000000
104.882906,0.180030,0.180042,0.180042,0.000000
104.937929,0.180030,0.180042,0.180042,0.000000
104.992951,0.180030,0.180042,0.180042,0.000000
105.047974,0.180030,0.180042,0.180042,0.000000
105.102996,0.180030,0.180042,0.180042,0.000000
105.158019,0.180030,0.180042,0.180042,0.000000
105.213042,0.180030,0.180042,0.180042,0.000000
105.268064,0.180030,0.180042,0.180042,0.000000
105.323087,0.180030,0.180042,0.180042,0.000000
105.378109,0.180030,0.180042,0.180042,0.000000
105.433132,0.180030,0.180042,0.180042,0.000000
105.488154,0.180030,0.180042,0.180042,0.000000
105.543177,0.180030,0.180041,0.180041,0.000000
105.598199,0.180030,0.180041,0.180041,0.000000
105.653222,0.180030,0.180041,0.180041,0.000000
105.708244,0.180030,0.180041,0.180041,0.000000
105.763267,0.180030,0.180041,0.180041,0.000000
105.818289,0.180030,0.180041,0.180041,0.000000
105.873312,0.180030,0.180041,0.180041,0.000000
105.928334,0.180030,0.180041,0.180041,0.000000
105.983357,0.180030,0.180041,0.180041,0.000000
106.038379,0.180030,0.180041,0.180041,0.000000
106.093402,0.180030,0.180041,0.180041,0.000000
106.148424,0.180030,0.180041,0.180041,0.000000
106.203447,0.180030,0.180041,0.180041,0.000000
106.258469,0.180030,0.180040,0.180040,0.000000
106.313492,0.180030,0.180040,0.180040,0.000000
106.368514,0.180030,0.180040,0.180040,0.000000
106.423537,0.180030,0.180040,0.180040,0.000000
106.478559,0.180030,0.180040,0.180040,0.000000
106.533582,0.180030,0.180040,0.180040,0.000000
106.588604,0.180030,0.180040,0.180040,0.000000
106.643627,0.180030,0.180040,0.180040,0.000000
106.698649,0.180030,0.180040,0.180040,0.000000
106.753672,0.180030,0.180040,0.180040,0.000000
106.808694,0.180030,0.180040,0.180040,0.000000
106.863717,0.180030,0.180040,0.180040,0.000000
106.918739,0.180030,0.180040,0.180040,0.000000
106.973762,0.180030,0.180040,0.180040,0.000000
107.028784,0.180030,0.180039,0.180039,0.000000
107.083807,0.180030,0.180039,0.180039,0.000000
107.138829,0.180030,0.180039,0.180039,0.000000
107.193852,0.180030,0.180039,0.180039,0.000000
107.248874,0.180030,0.180039,0.180039,0.000000
107.303897,0.180030,0.180039,0.180039,0.000000
107.358919,0.180030,0.180039,0.180039,0.000000
107.413942,0.180030,0.180039,0.180039,0.000000
107.468964,0.180030,0.180039,0.180039,0.000000
107.523987,0.180030,0.180039,0.180039,0.000000
107.579010,0.180030,0.180039,0.180039,0.000000
107.634032,0.180030,0.180039,0.180039,0.000000
107.689055,0.180030,0.180039,0.180039,0.000000
107.744077,0.180030,0.180039,0.180039,0.000000
107.799100,0.180030,0.180039,0.180039,0.000000
107.854122,0.180030,0.180039,0.180039,0.000000
107.909145,0.180030,0.180038,0.180038,0.000000
107.964167,0.180030,0.180038,0.180038,0.000000
108.019190,0.180030,0.180038,0.180038,0.000000
108.074212,0.180030,0.180038,0.180038,0.000000
108.129235,0.180030,0.180038,0.180038,0.000000
108.184257,0.180030,0.180038,0.180038,0.000000
108.239280,0.180030,0.180038,0.180038,0.000000
108.294302,0.180030,0.180038,0.180038,0.000000
108.349325,0.180030,0.180038,0.180038,0.000000
108.404347,0.180030,0.180038,0.180038,0.000000
108.459370,0.180030,0.180038,0.180038,0.000000
108.514392,0.180030,0.180038,0.180038,0.000000
108.569415,0.180030,0.180038,0.180038,0.000000
108.624437,0.180030,0.180038,0.180038,0.000000
108.679460,0.180030,0.180038,0.180038,0.000000
108.734482,0.180030,0.180038,0.180038,0.000000
108.789505,0.180030,0.180038,0.180038,0.000000
108.844527,0.180030,0.180038,0.180038,0.000000
108.899550,0.180030,0.180037,0.180037,0.000000
108.954572,0.180030,0.180037,0.180037,0.000000
109.009595,0.180030,0.180037,0.180037,0.000000
109.064617,0.180030,0.180037,0.180037,0.000000
109.119640,0.180030,0.180037,0.180037,0.000000
109.174662,0.180030,0.180037,0.180037,0.000000
109.229685,0.180030,0.180037,0.180037,0.000000
109.284707,0.180030,0.180037,0.180037,0.000000
109.339730,0.180030,0.180037,0.180037,0.000000
109.394752,0.180030,0.180037,0.180037,0.000000
109.449775,0.180030,0.180037,0.180037,0.000000
109.504797,0.180030,0.180037,0.180037,0.000000
109.559820,0.180030,0.180037,0.180037,0.000000
109.614842,0.180030,0.180037,0.180037,0.000000
109.669865,0.180030,0.180037,0.180037,0.000000
109.724887,0.180030,0.180037,0.180037,0.000000
109.779910,0.180030,0.180037,0.180037,0.000000
109.834932,0.180030,0.180037,0.180037,0.000000
109.889955,0.180030,0.180037,0.180037,0.000000
109.944977,0.180030,0.180037,0.180037,0.000000
110.000000,0.180030,0.180036,0.180036,0.000000
